date,n,complete,kappa_median_m,kappa_q25_m,kappa_q75_m
2018-01-01,96,1,5.491600,5.488459,5.493839
2018-01-02,96,1,5.484173,5.477938,5.487917
2018-01-03,96,1,5.482498,5.477996,5.487135
2018-01-04,96,1,5.484875,5.481152,5.489480
2018-01-05,96,1,5.483405,5.479189,5.485802
2018-01-06,96,1,5.483288,5.481208,5.485957
2018-01-07,96,1,5.483831,5.479034,5.488061
2018-01-08,96,1,5.482425,5.478950,5.488036
2018-01-09,96,1,5.483832,5.479940,5.487040
2018-01-10,96,1,5.485489,5.479855,5.640321
2018-01-11,96,1,5.647523,5.643605,5.651400
2018-01-12,96,1,5.647811,5.642445,5.651878
2018-01-13,96,1,5.647607,5.643049,5.651374
2018-01-14,96,1,5.647388,5.643203,5.651644
2018-01-15,96,1,5.648096,5.641066,5.652208
2018-01-16,96,1,5.646404,5.643071,5.650839
2018-01-17,96,1,5.647646,5.643684,5.651137
2018-01-18,96,1,5.646645,5.644048,5.650781
2018-01-19,96,1,5.646576,5.644682,5.651399
2018-01-20,96,1,5.648203,5.643367,5.653635
2018-01-21,96,1,5.643717,5.637167,5.651616
2018-01-22,96,1,5.645770,5.641708,5.651900
2018-01-23,96,1,5.647534,5.642407,5.650763
2018-01-24,96,1,5.647306,5.643613,5.653732
2018-01-25,96,1,5.647948,5.644073,5.651724
2018-01-26,96,1,5.647323,5.643222,5.649605
2018-01-27,96,1,5.648747,5.643460,5.651670
2018-01-28,57,0,5.645872,5.638981,5.653047
2018-01-29,59,0,5.644453,5.642051,5.649236
2018-01-30,96,1,5.647656,5.644027,5.650891
2018-01-31,96,1,5.648392,5.643007,5.652571
2018-02-01,96,1,5.648266,5.644648,5.651671
2018-02-02,96,1,5.647333,5.644909,5.650172
2018-02-03,96,1,5.648396,5.645209,5.649984
2018-02-04,96,1,5.645932,5.640761,5.650790
2018-02-05,96,1,5.647085,5.643440,5.650892
2018-02-06,96,1,5.647751,5.644573,5.650529
2018-02-07,96,1,5.647083,5.646045,5.649616
2018-02-08,96,1,5.646726,5.645492,5.650207
2018-02-09,96,1,5.648030,5.645365,5.649900
2018-02-10,96,1,5.647587,5.643107,5.651112
2018-02-11,96,1,5.646715,5.642307,5.654518
2018-02-12,96,1,5.646820,5.642453,5.653283
2018-02-13,96,1,5.645987,5.643003,5.649220
2018-02-14,96,1,5.648152,5.643554,5.651380
2018-02-15,96,1,5.644650,5.641696,5.649241
2018-02-16,96,1,5.640422,5.636108,5.644108
2018-02-17,96,1,5.638417,5.635614,5.642185
2018-02-18,96,1,5.618875,5.607211,5.626066
2018-02-19,96,1,5.621945,5.611699,5.634062
2018-02-20,96,1,5.667629,5.660136,5.681270
2018-02-21,96,1,5.660264,5.657221,5.665302
2018-02-22,96,1,5.654706,5.652018,5.657513
2018-02-23,96,1,5.653438,5.651200,5.655830
2018-02-24,96,1,5.649344,5.647003,5.652158
2018-02-25,96,1,5.646655,5.642147,5.650371
2018-02-26,96,1,5.641329,5.637599,5.646958
2018-02-27,96,1,5.640628,5.638740,5.643735
2018-02-28,96,1,5.638379,5.634500,5.642187
2018-03-01,96,1,5.632750,5.628534,5.637017
2018-03-02,96,1,5.634411,5.629841,5.661124
2018-03-03,96,1,5.665026,5.659238,5.668441
2018-03-04,96,1,5.670289,5.663559,5.674925
2018-03-05,96,1,5.656439,5.653375,5.668625
2018-03-06,96,1,5.650501,5.648039,5.653683
2018-03-07,96,1,5.647162,5.645209,5.651199
2018-03-08,96,1,5.648239,5.646213,5.650329
2018-03-09,96,1,5.648772,5.647481,5.649486
2018-03-10,96,1,5.647120,5.646305,5.648344
2018-03-11,96,1,5.646765,5.642843,5.650231
2018-03-12,96,1,5.646974,5.644777,5.649256
2018-03-13,96,1,5.647639,5.644865,5.648913
2018-03-14,96,1,5.647243,5.645000,5.649355
2018-03-15,96,1,5.647390,5.644768,5.649629
2018-03-16,96,1,5.647565,5.646080,5.649527
2018-03-17,96,1,5.648496,5.644826,5.650051
2018-03-18,96,1,5.647634,5.644646,5.651512
2018-03-19,96,1,5.646708,5.642685,5.650519
2018-03-20,96,1,5.647820,5.645153,5.649991
2018-03-21,96,1,5.647258,5.645105,5.649534
2018-03-22,96,1,5.646416,5.644976,5.648919
2018-03-23,96,1,5.646877,5.644731,5.648673
2018-03-24,96,1,5.646925,5.645182,5.649115
2018-03-25,96,1,5.646895,5.644623,5.650067
2018-03-26,96,1,5.646689,5.644158,5.650073
2018-03-27,96,1,5.646873,5.645016,5.649575
2018-03-28,96,1,5.646738,5.644836,5.648907
2018-03-29,96,1,5.646981,5.644827,5.649534
2018-03-30,96,1,5.647600,5.645252,5.649732
2018-03-31,96,1,5.647611,5.645855,5.649979
2018-04-01,96,1,5.647345,5.643536,5.650914
2018-04-02,96,1,5.647254,5.643881,5.650252
2018-04-03,96,1,5.647377,5.645960,5.649974
2018-04-04,96,1,5.647897,5.645869,5.649528
2018-04-05,96,1,5.647697,5.645786,5.648694
2018-04-06,96,1,5.647073,5.645579,5.649100
2018-04-07,96,1,5.647409,5.645545,5.649258
2018-04-08,96,1,5.646285,5.644653,5.649369
2018-04-09,96,1,5.647465,5.644943,5.649746
2018-04-10,95,0,5.647830,5.645432,5.648676
2018-04-11,96,1,5.647250,5.645717,5.648957
2018-04-12,96,1,5.647584,5.645560,5.649322
2018-04-13,96,1,5.647934,5.645770,5.649322
2018-04-14,96,1,5.646014,5.645387,5.648456
2018-04-15,96,1,5.647234,5.645528,5.648869
2018-04-16,96,1,5.647239,5.646375,5.648561
2018-04-17,96,1,5.646990,5.645566,5.648398
2018-04-18,96,1,5.646730,5.645551,5.648704
2018-04-19,96,1,5.647973,5.645956,5.649534
2018-04-20,96,1,5.646289,5.645413,5.649504
2018-04-21,96,1,5.647484,5.645350,5.648759
2018-04-22,96,1,5.647706,5.644726,5.649436
2018-04-23,96,1,5.647549,5.644722,5.650354
2018-04-24,96,1,5.647602,5.645699,5.649524
2018-04-25,96,1,5.648030,5.645456,5.648821
2018-04-26,96,1,5.647512,5.645692,5.648905
2018-04-27,96,1,5.647486,5.645906,5.649542
2018-04-28,96,1,5.646566,5.644656,5.647405
2018-04-29,96,1,5.646458,5.644352,5.649826
2018-04-30,96,1,5.648181,5.645180,5.649920
2018-05-01,96,1,5.648188,5.645415,5.650367
2018-05-02,96,1,5.647473,5.645369,5.649898
2018-05-03,96,1,5.646576,5.645217,5.648089
2018-05-04,96,1,5.646845,5.644962,5.648952
2018-05-05,96,1,5.647253,5.646106,5.649319
2018-05-06,96,1,5.647162,5.645196,5.650014
2018-05-07,96,1,5.646800,5.645621,5.648436
2018-05-08,96,1,5.646890,5.645822,5.647898
2018-05-09,95,0,5.646783,5.645760,5.648588
2018-05-10,96,1,5.648389,5.647447,5.649554
2018-05-11,96,1,5.647659,5.645323,5.648561
2018-05-12,96,1,5.647281,5.644528,5.649637
2018-05-13,96,1,5.646831,5.644547,5.649134
2018-05-14,96,1,5.647744,5.645233,5.649924
2018-05-15,96,1,5.647585,5.645807,5.649825
2018-05-16,96,1,5.647059,5.645978,5.649167
2018-05-17,96,1,5.646849,5.644884,5.648063
2018-05-18,96,1,5.647426,5.645581,5.648262
2018-05-19,96,1,5.647448,5.645909,5.649209
2018-05-20,96,1,5.647188,5.644489,5.649547
2018-05-21,96,1,5.646951,5.645048,5.649134
2018-05-22,96,1,5.647636,5.645436,5.650190
2018-05-23,96,1,5.647293,5.645413,5.648099
2018-05-24,96,1,5.646932,5.645438,5.649263
2018-05-25,96,1,5.647036,5.644755,5.649392
2018-05-26,96,1,5.647857,5.645248,5.649167
2018-05-27,96,1,5.648807,5.645179,5.650399
2018-05-28,96,1,5.647315,5.644155,5.650616
2018-05-29,96,1,5.647508,5.646025,5.649170
2018-05-30,95,0,5.648137,5.645493,5.650306
2018-05-31,96,1,5.647447,5.645592,5.649998
2018-06-01,96,1,5.647143,5.645954,5.649167
2018-06-02,96,1,5.647606,5.645629,5.649873
2018-06-03,96,1,5.646882,5.644256,5.649263
2018-06-04,96,1,5.647665,5.644344,5.649870
2018-06-05,96,1,5.647130,5.645293,5.649843
2018-06-06,96,1,5.647426,5.646913,5.648306
2018-06-07,96,1,5.647572,5.646302,5.649980
2018-06-08,96,1,5.647833,5.645828,5.649380
2018-06-09,96,1,5.647787,5.645717,5.650506
2018-06-10,96,1,5.648955,5.644851,5.651555
2018-06-11,96,1,5.647670,5.645810,5.649726
2018-06-12,96,1,5.647553,5.645360,5.649885
2018-06-13,96,1,5.648095,5.645264,5.650055
2018-06-14,96,1,5.647644,5.645105,5.649048
2018-06-15,96,1,5.647595,5.645240,5.649311
2018-06-16,96,1,5.646883,5.645444,5.649092
2018-06-17,96,1,5.647807,5.644436,5.652095
2018-06-18,96,1,5.647619,5.644088,5.651133
2018-06-19,96,1,5.647692,5.646211,5.650023
2018-06-20,96,1,5.647934,5.646046,5.650015
2018-06-21,96,1,5.646723,5.644178,5.649508
2018-06-22,96,1,5.647645,5.646578,5.649772
2018-06-23,96,1,5.647025,5.644282,5.649551
2018-06-24,96,1,5.648050,5.642337,5.653236
2018-06-25,96,1,5.647555,5.644241,5.649921
2018-06-26,96,1,5.647191,5.645468,5.648316
2018-06-27,96,1,5.648584,5.646507,5.649862
2018-06-28,96,1,5.646537,5.645176,5.649091
2018-06-29,96,1,5.647354,5.645330,5.648941
2018-06-30,96,1,5.645542,5.642630,5.649332
2018-07-01,96,1,5.647700,5.643284,5.651194
2018-07-02,96,1,5.648716,5.645067,5.651171
2018-07-03,96,1,5.647268,5.645461,5.649350
2018-07-04,96,1,5.648027,5.645562,5.650207
2018-07-05,96,1,5.647431,5.645247,5.649265
2018-07-06,96,1,5.648486,5.646488,5.650036
2018-07-07,96,1,5.647320,5.644592,5.648976
2018-07-08,96,1,5.648059,5.643962,5.650272
2018-07-09,96,1,5.648097,5.644474,5.652001
2018-07-10,96,1,5.646904,5.644390,5.650671
2018-07-11,96,1,5.647187,5.643003,5.650517
2018-07-12,96,1,5.647961,5.643712,5.652418
2018-07-13,96,1,5.648159,5.642611,5.650940
2018-07-14,96,1,5.647415,5.643490,5.652165
2018-07-15,96,1,5.646057,5.641560,5.652851
2018-07-16,96,1,5.647700,5.644496,5.651431
2018-07-17,96,1,5.647366,5.644539,5.649779
2018-07-18,96,1,5.646717,5.644082,5.650425
2018-07-19,96,1,5.648617,5.640907,5.650433
2018-07-20,96,1,5.646598,5.642743,5.652140
2018-07-21,96,1,5.647612,5.644720,5.651892
2018-07-22,96,1,5.646996,5.642393,5.652068
2018-07-23,96,1,5.646689,5.644372,5.650132
2018-07-24,96,1,5.647842,5.644869,5.650390
2018-07-25,96,1,5.647776,5.645002,5.650476
2018-07-26,96,1,5.648301,5.645603,5.650436
2018-07-27,96,1,5.647301,5.644479,5.649642
2018-07-28,96,1,5.647839,5.644594,5.651013
2018-07-29,96,1,5.649175,5.644728,5.653558
2018-07-30,96,1,5.646272,5.642519,5.649333
2018-07-31,96,1,5.647058,5.643873,5.650448
2018-08-01,96,1,5.647237,5.644156,5.650207
2018-08-02,96,1,5.651233,5.650958,5.651654
2018-08-03,96,1,5.648164,5.644723,5.649579
2018-08-04,96,1,5.648248,5.643017,5.650433
2018-08-05,96,1,5.647869,5.641600,5.650791
2018-08-06,96,1,5.649583,5.644955,5.653046
2018-08-07,96,1,5.647467,5.644213,5.650082
2018-08-08,96,1,5.647562,5.644590,5.649641
2018-08-09,96,1,5.647037,5.644088,5.650119
2018-08-10,96,1,5.647768,5.645622,5.649354
2018-08-11,96,1,5.646682,5.643842,5.648624
2018-08-12,96,1,5.647186,5.645150,5.650266
2018-08-13,95,0,5.647106,5.644963,5.649602
2018-08-14,96,1,5.647218,5.644106,5.649727
2018-08-15,96,1,5.647635,5.644590,5.650511
2018-08-16,96,1,5.647635,5.644999,5.649367
2018-08-17,96,1,5.646076,5.643709,5.649367
2018-08-18,96,1,5.648015,5.643740,5.651204
2018-08-19,96,1,5.648408,5.643831,5.651627
2018-08-20,96,1,5.647745,5.643977,5.651502
2018-08-21,96,1,5.647077,5.644510,5.649669
2018-08-22,96,1,5.646898,5.644407,5.648951
2018-08-23,96,1,5.648044,5.644475,5.650491
2018-08-24,95,0,5.647231,5.644923,5.650809
2018-08-25,96,1,5.647354,5.645705,5.649638
2018-08-26,96,1,5.647271,5.644667,5.650130
2018-08-27,95,0,5.646628,5.643970,5.649320
2018-08-28,96,1,5.646305,5.643040,5.650050
2018-08-29,96,1,5.646726,5.643637,5.649579
2018-08-30,96,1,5.647296,5.644840,5.650171
2018-08-31,96,1,5.647756,5.644774,5.650587
2018-09-01,96,1,5.647470,5.644421,5.650348
2018-09-02,96,1,5.648398,5.645205,5.650757
2018-09-03,68,0,5.647443,5.644905,5.651505
2018-09-04,66,0,5.647980,5.644279,5.651079
2018-09-05,96,1,5.647137,5.644720,5.652961
2018-09-06,96,1,5.646930,5.645433,5.652980
2018-09-07,96,1,5.650994,5.649460,5.653692
2018-09-08,96,1,5.653047,5.649796,5.655152
2018-09-09,96,1,5.642025,5.639743,5.644991
2018-09-10,66,0,5.643726,5.640727,5.647506
2018-09-11,66,0,5.647181,5.644630,5.649529
2018-09-12,96,1,5.648018,5.643782,5.650807
2018-09-13,96,1,5.647402,5.646743,5.651074
2018-09-14,96,1,5.653388,5.650050,5.654278
2018-09-15,96,1,5.652257,5.649371,5.655121
2018-09-16,96,1,5.641746,5.640118,5.643827
2018-09-17,66,0,5.644166,5.642153,5.646239
2018-09-18,66,0,5.645859,5.643653,5.648153
2018-09-19,30,0,5.647900,5.645179,5.649075
2018-09-20,20,0,5.652066,5.650430,5.653866
2018-09-21,96,1,5.651659,5.649565,5.653711
2018-09-22,96,1,5.651032,5.642394,5.654963
2018-09-23,96,1,5.639697,5.638223,5.641984
2018-09-24,96,1,5.645253,5.643223,5.647790
2018-09-25,96,1,5.646666,5.644609,5.648724
2018-09-26,96,1,5.647411,5.645693,5.650011
2018-09-27,96,1,5.650182,5.648313,5.652482
2018-09-28,96,1,5.653039,5.650634,5.654066
2018-09-29,96,1,5.646689,5.643243,5.653264
2018-09-30,96,1,5.643722,5.641372,5.645691
2018-10-01,60,0,5.645125,5.638636,5.649523
2018-10-02,35,0,5.646651,5.641337,5.648689
2018-10-03,96,1,5.648495,5.640487,5.663526
2018-10-04,96,1,5.646757,5.643797,5.650188
2018-10-05,96,1,5.646831,5.644315,5.650295
2018-10-06,96,1,5.647781,5.643227,5.652121
2018-10-07,96,1,5.646718,5.640790,5.653437
2018-10-08,96,1,5.649473,5.640308,5.654093
2018-10-09,96,1,5.646488,5.643543,5.649815
2018-10-10,96,1,5.648359,5.644745,5.650908
2018-10-11,96,1,5.648030,5.645291,5.651177
2018-10-12,96,1,5.647757,5.645972,5.649513
2018-10-13,96,1,5.647464,5.646501,5.651768
2018-10-14,96,1,5.650876,5.644011,5.655975
2018-10-15,96,1,5.647706,5.643078,5.653086
2018-10-16,96,1,5.647762,5.643694,5.652844
2018-10-17,96,1,5.647083,5.643219,5.651153
2018-10-18,96,1,5.646613,5.643094,5.650511
2018-10-19,96,1,5.648827,5.645718,5.650700
2018-10-20,96,1,5.648202,5.643247,5.651626
2018-10-21,96,1,5.646375,5.642709,5.652030
2018-10-22,96,1,5.648029,5.642242,5.651539
2018-10-23,96,1,5.646585,5.643423,5.649811
2018-10-24,96,1,5.648766,5.645352,5.651182
2018-10-25,96,1,5.647742,5.644897,5.650029
2018-10-26,96,1,5.647534,5.644390,5.650883
2018-10-27,96,1,5.647598,5.645056,5.649877
2018-10-28,96,1,5.647550,5.644168,5.650823
2018-10-29,96,1,5.648219,5.644761,5.650888
2018-10-30,96,1,5.646102,5.644766,5.649347
2018-10-31,96,1,5.647425,5.645554,5.649327
2018-11-01,94,0,5.648439,5.644735,5.650610
2018-11-02,96,1,5.646701,5.644542,5.648388
2018-11-03,96,1,5.647734,5.645149,5.650004
2018-11-04,95,0,5.646929,5.641786,5.652119
2018-11-05,96,1,5.647982,5.642925,5.652858
2018-11-06,96,1,5.647649,5.644193,5.650534
2018-11-07,96,1,5.647790,5.643913,5.650180
2018-11-08,96,1,5.649389,5.644747,5.652560
2018-11-09,96,1,5.648301,5.642656,5.652394
2018-11-10,96,1,5.646783,5.644145,5.651117
2018-11-11,96,1,5.647872,5.643236,5.651694
2018-11-12,96,1,5.648227,5.644565,5.651790
2018-11-13,96,1,5.648156,5.644569,5.651259
2018-11-14,96,1,5.646532,5.643975,5.650772
2018-11-15,96,1,5.647895,5.644746,5.649739
2018-11-16,96,1,5.647864,5.643990,5.651605
2018-11-17,96,1,5.647972,5.644618,5.650698
2018-11-18,96,1,5.646449,5.644934,5.651212
2018-11-19,96,1,5.646367,5.642967,5.650392
2018-11-20,96,1,5.647069,5.642666,5.649851
2018-11-21,96,1,5.647818,5.644591,5.651070
2018-11-22,96,1,5.649083,5.643231,5.651993
2018-11-23,96,1,5.648137,5.644770,5.650922
2018-11-24,96,1,5.646945,5.643278,5.650299
2018-11-25,96,1,5.647643,5.645053,5.651245
2018-11-26,96,1,5.647683,5.645421,5.650872
2018-11-27,96,1,5.648884,5.644693,5.653847
2018-11-28,96,1,5.646674,5.642420,5.652397
2018-11-29,96,1,5.649126,5.644230,5.650609
2018-11-30,96,1,5.647486,5.644377,5.650542
2018-12-01,96,1,5.646840,5.643090,5.653265
2018-12-02,96,1,5.643236,5.634883,5.652739
2018-12-03,96,1,5.647431,5.638006,5.655482
2018-12-04,96,1,5.648267,5.643567,5.651789
2018-12-05,96,1,5.648523,5.641128,5.653327
2018-12-06,96,1,5.646959,5.642972,5.651947
2018-12-07,96,1,5.643404,5.636894,5.652483
2018-12-08,96,1,5.644652,5.629830,5.659139
2018-12-09,96,1,5.636785,5.628951,5.652516
2018-12-10,96,1,5.647211,5.644279,5.650046
2018-12-11,96,1,5.647397,5.641727,5.654493
2018-12-12,96,1,5.648298,5.643212,5.653858
2018-12-13,96,1,5.648274,5.642793,5.656200
2018-12-14,96,1,5.646686,5.638305,5.655965
2018-12-15,96,1,5.647540,5.643342,5.654621
2018-12-16,96,1,5.646455,5.639103,5.656336
2018-12-17,96,1,5.650002,5.645140,5.660040
2018-12-18,96,1,5.644988,5.639506,5.653860
2018-12-19,96,1,5.647603,5.644531,5.650266
2018-12-20,96,1,5.646651,5.640612,5.652561
2018-12-21,96,1,5.648584,5.644838,5.651195
2018-12-22,96,1,5.646651,5.633789,5.656664
2018-12-23,96,1,5.649781,5.641844,5.656911
2018-12-24,96,1,5.648248,5.637343,5.659063
2018-12-25,96,1,5.645111,5.634378,5.657559
2018-12-26,96,1,5.649267,5.636649,5.661728
2018-12-27,96,1,5.645053,5.641172,5.651884
2018-12-28,96,1,5.647238,5.642838,5.651245
2018-12-29,96,1,5.647675,5.643840,5.652528
2018-12-30,96,1,5.647894,5.645073,5.654726
2018-12-31,96,1,5.643972,5.640919,5.651181
2019-01-01,96,1,5.648382,5.644450,5.655749
2019-01-02,96,1,5.646769,5.639506,5.652227
2019-01-03,96,1,5.646905,5.643884,5.649667
2019-01-04,96,1,5.647179,5.644132,5.651591
2019-01-05,96,1,5.647245,5.644705,5.650455
2019-01-06,96,1,5.646070,5.643116,5.649841
2019-01-07,96,1,5.647803,5.642532,5.651126
2019-01-08,96,1,5.648523,5.643379,5.650861
2019-01-09,96,1,5.646309,5.643562,5.649755
2019-01-10,96,1,5.647976,5.644741,5.650442
2019-01-11,96,1,5.646867,5.643616,5.651665
2019-01-12,96,1,5.649406,5.641633,5.654586
2019-01-13,96,1,5.649837,5.640433,5.655787
2019-01-14,96,1,5.649124,5.641693,5.655822
2019-01-15,96,1,5.646643,5.642979,5.651067
2019-01-16,96,1,5.648392,5.644132,5.654214
2019-01-17,96,1,5.646558,5.639054,5.652982
2019-01-18,96,1,5.646913,5.645007,5.653238
2019-01-19,96,1,5.647123,5.638188,5.655201
2019-01-20,96,1,5.646564,5.637758,5.655432
2019-01-21,96,1,5.647382,5.640059,5.655627
2019-01-22,96,1,5.647784,5.639556,5.655871
2019-01-23,96,1,5.650295,5.643463,5.654493
2019-01-24,96,1,5.647735,5.640869,5.652835
2019-01-25,94,0,5.648972,5.643072,5.654621
2019-01-26,96,1,5.649479,5.644266,5.651957
2019-01-27,96,1,5.648675,5.639723,5.655465
2019-01-28,96,1,5.647388,5.640412,5.654649
2019-01-29,96,1,5.648267,5.643167,5.651380
2019-01-30,96,1,5.646239,5.644473,5.650825
2019-01-31,96,1,5.648315,5.642524,5.653216
2019-02-01,96,1,5.645240,5.643431,5.649454
2019-02-02,96,1,5.648347,5.645333,5.651928
2019-02-03,96,1,5.647508,5.645537,5.649610
2019-02-04,96,1,5.646877,5.642897,5.649921
2019-02-05,96,1,5.646946,5.642842,5.650846
2019-02-06,96,1,5.647257,5.644147,5.651929
2019-02-07,96,1,5.647322,5.641274,5.652747
2019-02-08,96,1,5.647109,5.643542,5.650937
2019-02-09,96,1,5.648430,5.643120,5.653614
2019-02-10,96,1,5.646519,5.640018,5.653538
2019-02-11,96,1,5.649003,5.642748,5.654015
2019-02-12,96,1,5.647091,5.643535,5.650674
2019-02-13,96,1,5.649027,5.642903,5.653552
2019-02-14,96,1,5.650618,5.645446,5.651273
2019-02-15,96,1,5.647764,5.642303,5.653727
2019-02-16,96,1,5.647789,5.642875,5.652626
2019-02-17,96,1,5.647396,5.639363,5.655531
2019-02-18,96,1,5.646515,5.643367,5.649622
2019-02-19,96,1,5.648146,5.643630,5.652155
2019-02-20,96,1,5.646935,5.643868,5.651212
2019-02-21,96,1,5.647878,5.644732,5.651854
2019-02-22,96,1,5.646689,5.643090,5.650364
2019-02-23,96,1,5.646165,5.643786,5.650725
2019-02-24,96,1,5.648334,5.640058,5.653323
2019-02-25,96,1,5.648296,5.641108,5.651836
2019-02-26,96,1,5.649532,5.643090,5.653502
2019-02-27,96,1,5.649764,5.644076,5.652723
2019-02-28,96,1,5.648167,5.642297,5.653170
2019-03-01,96,1,5.648498,5.643298,5.652018
2019-03-02,96,1,5.647600,5.645126,5.650584
2019-03-03,96,1,5.647556,5.643878,5.650748
2019-03-04,96,1,5.647336,5.644505,5.651217
2019-03-05,96,1,5.647800,5.643612,5.651807
2019-03-06,96,1,5.647425,5.644288,5.650940
2019-03-07,96,1,5.648382,5.645283,5.650725
2019-03-08,96,1,5.646689,5.645342,5.649793
2019-03-09,96,1,5.647240,5.644397,5.650364
2019-03-10,96,1,5.647071,5.644663,5.649126
2019-03-11,96,1,5.648122,5.645298,5.651122
2019-03-12,95,0,5.646689,5.644100,5.649227
2019-03-13,96,1,5.646036,5.643977,5.649954
2019-03-14,96,1,5.648016,5.644353,5.652053
2019-03-15,96,1,5.647759,5.644614,5.651275
2019-03-16,96,1,5.646863,5.643647,5.650888
2019-03-17,96,1,5.645292,5.640680,5.650205
2019-03-18,96,1,5.647327,5.641937,5.651336
2019-03-19,96,1,5.647882,5.645780,5.652750
2019-03-20,96,1,5.646761,5.643355,5.651948
2019-03-21,96,1,5.646510,5.642795,5.651070
2019-03-22,96,1,5.648472,5.642233,5.653296
2019-03-23,96,1,5.649751,5.645055,5.652430
2019-03-24,96,1,5.646285,5.640142,5.654229
2019-03-25,96,1,5.646091,5.641835,5.653425
2019-03-26,92,0,5.647120,5.643994,5.650255
2019-03-27,96,1,5.648576,5.643599,5.652638
2019-03-28,96,1,5.648455,5.645129,5.650721
2019-03-29,94,0,5.646917,5.644727,5.650699
2019-03-30,96,1,5.646955,5.645672,5.648652
2019-03-31,96,1,5.647344,5.646033,5.649694
2019-04-01,96,1,5.648079,5.644659,5.650664
2019-04-02,96,1,5.647492,5.645487,5.650236
2019-04-03,96,1,5.646783,5.645384,5.648934
2019-04-04,96,1,5.647300,5.645887,5.649697
2019-04-05,96,1,5.647160,5.644543,5.649231
2019-04-06,96,1,5.648969,5.646520,5.650128
2019-04-07,96,1,5.647699,5.644815,5.650274
2019-04-08,96,1,5.648049,5.645473,5.649904
2019-04-09,96,1,5.647585,5.645807,5.649167
2019-04-10,96,1,5.647213,5.645807,5.649011
2019-04-11,96,1,5.647817,5.645471,5.649570
2019-04-12,96,1,5.647645,5.646353,5.648327
2019-04-13,96,1,5.646812,5.644529,5.649689
2019-04-14,96,1,5.650393,5.648737,5.650489
2019-04-15,96,1,5.647071,5.643455,5.649685
2019-04-16,96,1,5.647767,5.646289,5.649871
2019-04-17,96,1,5.647455,5.645769,5.649166
2019-04-18,96,1,5.649477,5.645969,5.650394
2019-04-19,96,1,5.647910,5.645931,5.649251
2019-04-20,96,1,5.647342,5.645523,5.649460
2019-04-21,96,1,5.647137,5.643600,5.650749
2019-04-22,95,0,5.647307,5.644784,5.649000
2019-04-23,92,0,5.647396,5.645661,5.649008
2019-04-24,96,1,5.648559,5.646935,5.648909
2019-04-25,96,1,5.648045,5.645721,5.649310
2019-04-26,96,1,5.646791,5.644861,5.648674
2019-04-27,96,1,5.647447,5.645503,5.649422
2019-04-28,96,1,5.646289,5.643892,5.649651
2019-04-29,96,1,5.648033,5.645343,5.650136
2019-04-30,96,1,5.647044,5.646312,5.648938
2019-05-01,96,1,5.647537,5.645603,5.649296
2019-05-02,96,1,5.648449,5.645984,5.649674
2019-05-03,96,1,5.648303,5.646465,5.649121
2019-05-04,96,1,5.647621,5.645545,5.649230
2019-05-05,96,1,5.645715,5.643944,5.651380
2019-05-06,96,1,5.646535,5.644697,5.648265
2019-05-07,96,1,5.647414,5.644771,5.649667
2019-05-08,96,1,5.647467,5.645471,5.649685
2019-05-09,96,1,5.648986,5.645908,5.650583
2019-05-10,96,1,5.647527,5.646041,5.649269
2019-05-11,96,1,5.646530,5.645365,5.648377
2019-05-12,96,1,5.647322,5.644877,5.648987
2019-05-13,96,1,5.646722,5.644807,5.649524
2019-05-14,96,1,5.647947,5.645878,5.649168
2019-05-15,96,1,5.646431,5.645590,5.647780
2019-05-16,96,1,5.647567,5.646776,5.648828
2019-05-17,96,1,5.647993,5.646216,5.649168
2019-05-18,96,1,5.647277,5.645425,5.649753
2019-05-19,96,1,5.647636,5.644542,5.650412
2019-05-20,96,1,5.647396,5.644676,5.649882
2019-05-21,96,1,5.648069,5.644913,5.649964
2019-05-22,96,1,5.647664,5.645606,5.649155
2019-05-23,96,1,5.648853,5.646714,5.651458
2019-05-24,96,1,5.647846,5.646254,5.649549
2019-05-25,96,1,5.647790,5.646489,5.649509
2019-05-26,96,1,5.647732,5.644857,5.649293
2019-05-27,96,1,5.649989,5.646591,5.652422
2019-05-28,96,1,5.647492,5.645373,5.649540
2019-05-29,96,1,5.648042,5.645771,5.648941
2019-05-30,96,1,5.645853,5.644941,5.648768
2019-05-31,96,1,5.648165,5.646280,5.649753
2019-06-01,96,1,5.647857,5.645965,5.649032
2019-06-02,96,1,5.647847,5.645691,5.649707
2019-06-03,96,1,5.647425,5.645160,5.649024
2019-06-04,96,1,5.647240,5.645772,5.648974
2019-06-05,96,1,5.646543,5.645124,5.648478
2019-06-06,96,1,5.647792,5.646056,5.649266
2019-06-07,96,1,5.647907,5.645456,5.649559
2019-06-08,96,1,5.647138,5.645117,5.649768
2019-06-09,96,1,5.646251,5.645288,5.650118
2019-06-10,96,1,5.647281,5.645567,5.650506
2019-06-11,96,1,5.647894,5.646055,5.649600
2019-06-12,96,1,5.647151,5.645611,5.648615
2019-06-13,96,1,5.648195,5.646132,5.649912
2019-06-14,96,1,5.647882,5.646032,5.650028
2019-06-15,96,1,5.648344,5.645548,5.649492
2019-06-16,96,1,5.646378,5.643285,5.650473
2019-06-17,96,1,5.645740,5.644521,5.649273
2019-06-18,96,1,5.646770,5.644789,5.649027
2019-06-19,96,1,5.646540,5.644405,5.649555
2019-06-20,96,1,5.647497,5.645547,5.649947
2019-06-21,96,1,5.647779,5.645837,5.649418
2019-06-22,96,1,5.647409,5.645276,5.649676
2019-06-23,96,1,5.646176,5.642778,5.650487
2019-06-24,96,1,5.647348,5.644389,5.650783
2019-06-25,96,1,5.647655,5.645702,5.649061
2019-06-26,96,1,5.647126,5.646405,5.649544
2019-06-27,96,1,5.647882,5.645528,5.649875
2019-06-28,96,1,5.647607,5.645412,5.650098
2019-06-29,96,1,5.647617,5.645104,5.649587
2019-06-30,96,1,5.647353,5.645467,5.649524
2019-07-01,96,1,5.647447,5.646037,5.649661
2019-07-02,96,1,5.648066,5.646680,5.649499
2019-07-03,96,1,5.647142,5.645141,5.649011
2019-07-04,96,1,5.645728,5.644711,5.648041
2019-07-05,96,1,5.647189,5.645710,5.649841
2019-07-06,96,1,5.648235,5.645246,5.649145
2019-07-07,96,1,5.647075,5.644120,5.649556
2019-07-08,95,0,5.649080,5.645117,5.652447
2019-07-09,96,1,5.643242,5.642638,5.644932
2019-07-10,96,1,5.648022,5.644945,5.650040
2019-07-11,96,1,5.646757,5.644855,5.648561
2019-07-12,96,1,5.648846,5.646248,5.649790
2019-07-13,96,1,5.646460,5.644410,5.648814
2019-07-14,96,1,5.645817,5.644102,5.649161
2019-07-15,96,1,5.647920,5.644995,5.650586
2019-07-16,96,1,5.646792,5.645088,5.648936
2019-07-17,95,0,5.647674,5.645209,5.649701
2019-07-18,95,0,5.648041,5.645130,5.649208
2019-07-19,96,1,5.647620,5.645565,5.648533
2019-07-20,96,1,5.646637,5.644337,5.649605
2019-07-21,96,1,5.647719,5.645522,5.649935
2019-07-22,96,1,5.646897,5.644092,5.650575
2019-07-23,96,1,5.648120,5.644754,5.650387
2019-07-24,96,1,5.648827,5.646140,5.650847
2019-07-25,96,1,5.647506,5.645270,5.649110
2019-07-26,96,1,5.648323,5.645944,5.651266
2019-07-27,96,1,5.649443,5.646695,5.650601
2019-07-28,96,1,5.648202,5.644862,5.650693
2019-07-29,96,1,5.648129,5.645303,5.650365
2019-07-30,96,1,5.647414,5.645201,5.649633
2019-07-31,96,1,5.647245,5.644761,5.649679
2019-08-01,95,0,5.646821,5.645881,5.648945
2019-08-02,96,1,5.647993,5.644978,5.649813
2019-08-03,96,1,5.646403,5.645157,5.649483
2019-08-04,96,1,5.645370,5.643062,5.649505
2019-08-05,96,1,5.647851,5.645274,5.650985
2019-08-06,96,1,5.647063,5.644360,5.649831
2019-08-07,96,1,5.646562,5.645081,5.648192
2019-08-08,96,1,5.648564,5.645209,5.651250
2019-08-09,96,1,5.646969,5.644794,5.649785
2019-08-10,96,1,5.647169,5.645463,5.649532
2019-08-11,96,1,5.646362,5.643741,5.651353
2019-08-12,96,1,5.647214,5.643755,5.651649
2019-08-13,96,1,5.646521,5.643859,5.650060
2019-08-14,96,1,5.647626,5.645282,5.649871
2019-08-15,96,1,5.647149,5.646228,5.648284
2019-08-16,96,1,5.647384,5.645160,5.648702
2019-08-17,96,1,5.646696,5.645432,5.649337
2019-08-18,96,1,5.647056,5.644259,5.649106
2019-08-19,96,1,5.647958,5.644513,5.650302
2019-08-20,96,1,5.646405,5.643932,5.648700
2019-08-21,96,1,5.647987,5.645954,5.649934
2019-08-22,96,1,5.648472,5.645395,5.650771
2019-08-23,96,1,5.646873,5.644828,5.650023
2019-08-24,96,1,5.646295,5.645107,5.648763
2019-08-25,96,1,5.647103,5.642238,5.652059
2019-08-26,96,1,5.647759,5.643836,5.650488
2019-08-27,96,1,5.647535,5.645396,5.649696
2019-08-28,96,1,5.647805,5.645161,5.649433
2019-08-29,96,1,5.647315,5.645715,5.648712
2019-08-30,96,1,5.647491,5.643998,5.650758
2019-08-31,96,1,5.648617,5.645344,5.651321
2019-09-01,96,1,5.646740,5.644908,5.649794
2019-09-02,96,1,5.647846,5.645031,5.650684
2019-09-03,96,1,5.647524,5.645477,5.649984
2019-09-04,96,1,5.647320,5.645489,5.649833
2019-09-05,96,1,5.646984,5.645770,5.648862
2019-09-06,96,1,5.647603,5.645292,5.649747
2019-09-07,96,1,5.648110,5.645050,5.650121
2019-09-08,96,1,5.648006,5.644149,5.651628
2019-09-09,96,1,5.646965,5.644254,5.650222
2019-09-10,96,1,5.646783,5.645633,5.649199
2019-09-11,96,1,5.647393,5.645619,5.649775
2019-09-12,96,1,5.647123,5.645031,5.649224
2019-09-13,96,1,5.647087,5.645143,5.649251
2019-09-14,96,1,5.647287,5.645413,5.649391
2019-09-15,96,1,5.646535,5.644601,5.650037
2019-09-16,96,1,5.646244,5.645315,5.648617
2019-09-17,96,1,5.645865,5.645164,5.648281
2019-09-18,96,1,5.647640,5.645453,5.649768
2019-09-19,96,1,5.648401,5.647094,5.649706
2019-09-20,96,1,5.647346,5.645254,5.649900
2019-09-21,96,1,5.647114,5.645753,5.648845
2019-09-22,96,1,5.647330,5.645510,5.649747
2019-09-23,96,1,5.647899,5.644666,5.650288
2019-09-24,96,1,5.648238,5.646013,5.650265
2019-09-25,96,1,5.648447,5.641010,5.657631
2019-09-26,96,1,5.647614,5.645838,5.649229
2019-09-27,96,1,5.647304,5.644266,5.650252
2019-09-28,96,1,5.646748,5.639597,5.658100
2019-09-29,96,1,5.647470,5.639566,5.651794
2019-09-30,96,1,5.648528,5.643325,5.651888
2019-10-01,96,1,5.646335,5.643921,5.650240
2019-10-02,96,1,5.647745,5.644624,5.649820
2019-10-03,96,1,5.647503,5.644382,5.650387
2019-10-04,96,1,5.647234,5.645326,5.649773
2019-10-05,96,1,5.648030,5.645115,5.650701
2019-10-06,96,1,5.647353,5.644800,5.650578
2019-10-07,96,1,5.646973,5.644036,5.649614
2019-10-08,96,1,5.647220,5.645269,5.650131
2019-10-09,96,1,5.647931,5.645801,5.650061
2019-10-10,96,1,5.647358,5.645590,5.648478
2019-10-11,96,1,5.646530,5.642883,5.648472
2019-10-12,96,1,5.648147,5.645381,5.649632
2019-10-13,96,1,5.646145,5.643404,5.650297
2019-10-14,96,1,5.647429,5.643615,5.650432
2019-10-15,96,1,5.647111,5.644637,5.649390
2019-10-16,96,1,5.649702,5.647155,5.649969
2019-10-17,96,1,5.648305,5.646238,5.649171
2019-10-18,96,1,5.646251,5.645661,5.649186
2019-10-19,96,1,5.647412,5.645141,5.650901
2019-10-20,96,1,5.645495,5.643133,5.649417
2019-10-21,96,1,5.647670,5.644453,5.651281
2019-10-22,96,1,5.647953,5.645688,5.650021
2019-10-23,96,1,5.647340,5.645341,5.649738
2019-10-24,96,1,5.649149,5.646527,5.650362
2019-10-25,96,1,5.649292,5.646347,5.651524
2019-10-26,96,1,5.647556,5.644666,5.650890
2019-10-27,96,1,5.647523,5.643943,5.650368
2019-10-28,96,1,5.647868,5.644099,5.649991
2019-10-29,96,1,5.647738,5.645727,5.649281
2019-10-30,96,1,5.646651,5.644967,5.648770
2019-10-31,96,1,5.647577,5.644341,5.649577
2019-11-01,96,1,5.651338,5.648006,5.651754
2019-11-02,96,1,5.648166,5.646207,5.650211
2019-11-03,96,1,5.645564,5.641253,5.650768
2019-11-04,96,1,5.646619,5.643024,5.651665
2019-11-05,96,1,5.647623,5.644455,5.650297
2019-11-06,96,1,5.646477,5.642527,5.650763
2019-11-07,96,1,5.646674,5.642577,5.650380
2019-11-08,94,0,5.647457,5.644248,5.650646
2019-11-09,96,1,5.647720,5.644020,5.650749
2019-11-10,96,1,5.645318,5.641645,5.650404
2019-11-11,96,1,5.645987,5.643125,5.650550
2019-11-12,96,1,5.646686,5.643749,5.651693
2019-11-13,96,1,5.647055,5.644651,5.651110
2019-11-14,95,0,5.646335,5.642843,5.651206
2019-11-15,96,1,5.648030,5.643716,5.651139
2019-11-16,96,1,5.647180,5.644256,5.651340
2019-11-17,96,1,5.647643,5.644284,5.652441
2019-11-18,96,1,5.646619,5.642699,5.650548
2019-11-19,96,1,5.646723,5.642181,5.650640
2019-11-20,96,1,5.647026,5.645589,5.649676
2019-11-21,96,1,5.647470,5.644918,5.649852
2019-11-22,96,1,5.648611,5.643329,5.652089
2019-11-23,96,1,5.647907,5.642348,5.651945
2019-11-24,96,1,5.646400,5.637805,5.656048
2019-11-25,96,1,5.647426,5.644596,5.649063
2019-11-26,96,1,5.647917,5.642806,5.653389
2019-11-27,96,1,5.647324,5.642524,5.654557
2019-11-28,96,1,5.649766,5.638201,5.657278
2019-11-29,96,1,5.647546,5.644632,5.650768
2019-11-30,96,1,5.645902,5.644971,5.648543
2019-12-01,96,1,5.647739,5.644270,5.651181
2019-12-02,96,1,5.647470,5.643723,5.651658
2019-12-03,96,1,5.647628,5.644478,5.651026
2019-12-04,96,1,5.648518,5.644542,5.651195
2019-12-05,96,1,5.647489,5.640770,5.658954
2019-12-06,96,1,5.647550,5.644078,5.650515
2019-12-07,96,1,5.648295,5.640794,5.656026
2019-12-08,63,0,5.640794,5.629459,5.656307
2019-12-10,77,0,5.648708,5.636066,5.657366
2019-12-11,95,0,5.646651,5.638715,5.654621
2019-12-12,93,0,5.649852,5.640234,5.662625
2019-12-13,96,1,5.647890,5.636386,5.657580
2019-12-14,96,1,5.644722,5.633080,5.657757
2019-12-15,96,1,5.647139,5.644362,5.649492
2019-12-16,96,1,5.647752,5.636780,5.656160
2019-12-17,96,1,5.646906,5.637511,5.654849
2019-12-18,96,1,5.647900,5.639866,5.655734
2019-12-19,96,1,5.647994,5.642852,5.652457
2019-12-20,96,1,5.647958,5.643658,5.651637
2019-12-21,96,1,5.644223,5.638456,5.652053
2019-12-22,96,1,5.647914,5.639215,5.658558
2019-12-23,96,1,5.647227,5.643408,5.653021
2019-12-24,92,0,5.646668,5.644650,5.649942
2019-12-25,79,0,5.647470,5.643324,5.652304
2019-12-26,66,0,5.647233,5.643367,5.651858
2019-12-27,82,0,5.649449,5.645053,5.654023
2019-12-28,80,0,5.647785,5.643287,5.652585
2019-12-29,73,0,5.649592,5.644735,5.652331
2019-12-30,74,0,5.648417,5.640071,5.654510
2019-12-31,95,0,5.646378,5.636165,5.660385
2020-01-01,60,0,5.647705,5.644479,5.650921
2020-01-02,96,1,5.647103,5.644344,5.652143
2020-01-03,96,1,5.647933,5.644659,5.652184
2020-01-04,96,1,5.647186,5.643566,5.651503
2020-01-05,96,1,5.649898,5.639747,5.657250
2020-01-06,96,1,5.650139,5.642667,5.654707
2020-01-07,96,1,5.647669,5.643566,5.652156
2020-01-08,96,1,5.646776,5.643533,5.651431
2020-01-09,96,1,5.646696,5.640559,5.651718
2020-01-10,96,1,5.645679,5.642572,5.651466
2020-01-11,96,1,5.648017,5.644627,5.651173
2020-01-12,96,1,5.646612,5.642578,5.651683
2020-01-13,96,1,5.648169,5.641614,5.653726
2020-01-14,96,1,5.647955,5.644309,5.652886
2020-01-15,96,1,5.646428,5.643044,5.650262
2020-01-16,96,1,5.648534,5.645281,5.651764
2020-01-17,96,1,5.649336,5.644132,5.652815
2020-01-18,96,1,5.646085,5.641996,5.650608
2020-01-19,96,1,5.647835,5.642114,5.652551
2020-01-20,96,1,5.646636,5.641955,5.653520
2020-01-21,96,1,5.647549,5.645005,5.651720
2020-01-22,96,1,5.647570,5.643367,5.653057
2020-01-23,96,1,5.646611,5.644333,5.650488
2020-01-24,96,1,5.648250,5.642994,5.652103
2020-01-25,96,1,5.648658,5.643201,5.653036
2020-01-26,96,1,5.647439,5.642193,5.653532
2020-01-27,96,1,5.647114,5.645139,5.649818
2020-01-28,96,1,5.647149,5.642459,5.651109
2020-01-29,96,1,5.647700,5.644086,5.652200
2020-01-30,96,1,5.645326,5.641853,5.651093
2020-01-31,96,1,5.648711,5.642049,5.653333
2020-02-01,96,1,5.645962,5.642495,5.650592
2020-02-02,96,1,5.645546,5.637266,5.654227
2020-02-03,96,1,5.647729,5.645536,5.649645
2020-02-04,96,1,5.646387,5.642799,5.650892
2020-02-05,96,1,5.648134,5.643967,5.650149
2020-02-06,96,1,5.646249,5.644324,5.649261
2020-02-07,96,1,5.647719,5.644865,5.650272
2020-02-08,96,1,5.646556,5.645985,5.648690
2020-02-09,96,1,5.647637,5.642521,5.653482
2020-02-10,96,1,5.646975,5.642944,5.652131
2020-02-11,96,1,5.646936,5.640382,5.653347
2020-02-12,96,1,5.648115,5.636066,5.657066
2020-02-13,96,1,5.648567,5.641936,5.654391
2020-02-14,96,1,5.649204,5.643414,5.652136
2020-02-15,96,1,5.647654,5.644275,5.649784
2020-02-16,96,1,5.649117,5.637399,5.660456
2020-02-17,96,1,5.648375,5.641443,5.653128
2020-02-18,96,1,5.648328,5.641611,5.653355
2020-02-19,96,1,5.646569,5.643014,5.649908
2020-02-20,96,1,5.649402,5.644833,5.651845
2020-02-21,96,1,5.647612,5.644973,5.650037
2020-02-22,96,1,5.647399,5.644443,5.650912
2020-02-23,96,1,5.648544,5.643774,5.651363
2020-02-24,96,1,5.647217,5.643901,5.651053
2020-02-25,96,1,5.646418,5.640274,5.652301
2020-02-26,96,1,5.648246,5.641514,5.654685
2020-02-27,96,1,5.646901,5.643239,5.652522
2020-02-28,96,1,5.646246,5.644652,5.650288
2020-02-29,96,1,5.646414,5.644555,5.648967
2020-03-01,96,1,5.646787,5.643130,5.653104
2020-03-02,96,1,5.647007,5.643623,5.650709
2020-03-03,96,1,5.648557,5.645686,5.651217
2020-03-04,96,1,5.647051,5.644961,5.649076
2020-03-05,96,1,5.646766,5.644026,5.649712
2020-03-06,96,1,5.647912,5.644867,5.650712
2020-03-07,96,1,5.648581,5.645668,5.650125
2020-03-08,96,1,5.647427,5.642445,5.650819
2020-03-09,96,1,5.646237,5.642477,5.650789
2020-03-10,96,1,5.648478,5.644395,5.650491
2020-03-11,96,1,5.647523,5.643580,5.652385
2020-03-12,73,0,5.647206,5.644102,5.649995
2020-03-13,14,0,5.649529,5.645400,5.652480
2020-03-14,14,0,5.647241,5.642313,5.649449
2020-03-15,42,0,5.646449,5.644344,5.648298
2020-03-16,16,0,5.648057,5.640601,5.651258
2020-03-17,96,1,5.647326,5.644042,5.651960
2020-03-18,96,1,5.648473,5.637583,5.661207
2020-03-19,96,1,5.646668,5.641861,5.651059
2020-03-20,96,1,5.648312,5.644559,5.650618
2020-03-21,96,1,5.649686,5.639094,5.658448
2020-03-22,96,1,5.641030,5.631764,5.652753
2020-03-23,96,1,5.644464,5.635359,5.655400
2020-03-24,96,1,5.646222,5.642027,5.650588
2020-03-25,96,1,5.647372,5.645088,5.650635
2020-03-26,96,1,5.648308,5.645408,5.649480
2020-03-27,96,1,5.647532,5.644018,5.651324
2020-03-28,96,1,5.646866,5.645272,5.650639
2020-03-29,96,1,5.648198,5.646346,5.650574
2020-03-30,96,1,5.647172,5.644123,5.650806
2020-03-31,96,1,5.647912,5.645888,5.649772
2020-04-01,96,1,5.649086,5.645583,5.651274
2020-04-02,96,1,5.647334,5.645004,5.649529
2020-04-03,96,1,5.647685,5.645505,5.649133
2020-04-04,96,1,5.645899,5.644427,5.648345
2020-04-05,96,1,5.648788,5.643359,5.652026
2020-04-06,94,0,5.647468,5.644088,5.650912
2020-04-07,96,1,5.646648,5.646006,5.648267
2020-04-08,96,1,5.646871,5.644859,5.649499
2020-04-09,96,1,5.648176,5.645317,5.650430
2020-04-10,96,1,5.647127,5.646069,5.649806
2020-04-11,96,1,5.647839,5.645727,5.649395
2020-04-12,96,1,5.645894,5.644704,5.646407
2020-04-13,96,1,5.647922,5.644914,5.649831
2020-04-14,96,1,5.646669,5.644929,5.650437
2020-04-15,96,1,5.646689,5.644797,5.648791
2020-04-16,96,1,5.647701,5.645637,5.649293
2020-04-17,96,1,5.647219,5.645570,5.650022
2020-04-18,96,1,5.647637,5.645927,5.649554
2020-04-19,96,1,5.648092,5.645792,5.650139
2020-04-20,96,1,5.646532,5.643987,5.649920
2020-04-21,96,1,5.647221,5.646107,5.649996
2020-04-22,96,1,5.647729,5.645596,5.648694
2020-04-23,96,1,5.646432,5.645583,5.648561
2020-04-24,96,1,5.647844,5.645865,5.649488
2020-04-25,96,1,5.648371,5.646567,5.649583
2020-04-26,96,1,5.647576,5.645644,5.648599
2020-04-27,96,1,5.646799,5.645638,5.648409
2020-04-28,96,1,5.647880,5.645768,5.649027
2020-04-29,96,1,5.647356,5.646300,5.648588
2020-04-30,96,1,5.646942,5.645194,5.649449
2020-05-01,96,1,5.646833,5.645109,5.648561
2020-05-02,96,1,5.645546,5.644284,5.650299
2020-05-03,96,1,5.646043,5.644284,5.650419
2020-05-04,96,1,5.646331,5.644878,5.648813
2020-05-05,96,1,5.648345,5.646432,5.649233
2020-05-06,96,1,5.648035,5.646785,5.649226
2020-05-07,96,1,5.647832,5.646421,5.649184
2020-05-08,96,1,5.646961,5.645513,5.648422
2020-05-09,96,1,5.647847,5.646324,5.648903
2020-05-10,96,1,5.647077,5.645452,5.649642
2020-05-11,96,1,5.647315,5.645351,5.649405
2020-05-12,96,1,5.647396,5.646064,5.648943
2020-05-13,96,1,5.646323,5.645217,5.648232
2020-05-14,96,1,5.647545,5.645754,5.648970
2020-05-15,96,1,5.647029,5.645024,5.649720
2020-05-16,96,1,5.647912,5.646091,5.649371
2020-05-17,96,1,5.646427,5.644824,5.649236
2020-05-18,96,1,5.648587,5.645060,5.649645
2020-05-19,96,1,5.647944,5.646878,5.649167
2020-05-20,96,1,5.646573,5.645716,5.648442
2020-05-21,96,1,5.647843,5.645637,5.649292
2020-05-22,96,1,5.647324,5.645751,5.648931
2020-05-23,96,1,5.647582,5.645773,5.649347
2020-05-24,96,1,5.648591,5.645573,5.649531
2020-05-25,96,1,5.645865,5.644648,5.648990
2020-05-26,96,1,5.647160,5.645082,5.650293
2020-05-27,96,1,5.646438,5.644865,5.648974
2020-05-28,96,1,5.648168,5.646146,5.650215
2020-05-29,96,1,5.647074,5.645936,5.648339
2020-05-30,96,1,5.647320,5.645311,5.649695
2020-05-31,96,1,5.647127,5.644595,5.648833
2020-06-01,96,1,5.647780,5.645315,5.649997
2020-06-02,96,1,5.646989,5.645822,5.648561
2020-06-03,96,1,5.647397,5.645575,5.648770
2020-06-04,96,1,5.646658,5.644861,5.648733
2020-06-05,96,1,5.648554,5.645943,5.649329
2020-06-06,96,1,5.647537,5.645414,5.648979
2020-06-07,95,0,5.646501,5.644378,5.649234
2020-06-08,96,1,5.647656,5.645657,5.650614
2020-06-09,96,1,5.648217,5.646204,5.650195
2020-06-10,96,1,5.647795,5.644894,5.650365
2020-06-11,96,1,5.647422,5.645650,5.649072
2020-06-12,96,1,5.647568,5.646352,5.650061
2020-06-13,96,1,5.647530,5.645952,5.649058
2020-06-14,96,1,5.648127,5.645931,5.649866
2020-06-15,96,1,5.648095,5.646439,5.649576
2020-06-16,96,1,5.647413,5.645116,5.649524
2020-06-17,96,1,5.647356,5.644554,5.649447
2020-06-18,96,1,5.647739,5.645059,5.649607
2020-06-19,96,1,5.648267,5.646227,5.650278
2020-06-20,96,1,5.647455,5.645761,5.649236
2020-06-21,96,1,5.648002,5.646000,5.649958
2020-06-22,96,1,5.646584,5.643864,5.649795
2020-06-23,96,1,5.647942,5.645831,5.649560
2020-06-24,96,1,5.647513,5.644641,5.649613
2020-06-25,96,1,5.647048,5.644418,5.650032
2020-06-26,96,1,5.647249,5.645330,5.649122
2020-06-27,96,1,5.647622,5.644728,5.649952
2020-06-28,96,1,5.645947,5.644729,5.648509
2020-06-29,96,1,5.647633,5.645276,5.650580
2020-06-30,96,1,5.647550,5.646976,5.648119
2020-07-01,96,1,5.648594,5.646683,5.649988
2020-07-02,96,1,5.648366,5.645779,5.649041
2020-07-03,96,1,5.646577,5.645471,5.649524
2020-07-04,96,1,5.647410,5.645326,5.649153
2020-07-05,96,1,5.646684,5.643350,5.650052
2020-07-06,96,1,5.646761,5.644260,5.650229
2020-07-07,96,1,5.647594,5.645501,5.648958
2020-07-08,96,1,5.648178,5.645574,5.650116
2020-07-09,96,1,5.647127,5.645259,5.649872
2020-07-10,96,1,5.647759,5.645204,5.649686
2020-07-11,96,1,5.647433,5.645514,5.649975
2020-07-12,96,1,5.647250,5.643732,5.650127
2020-07-13,96,1,5.646976,5.645190,5.650286
2020-07-14,96,1,5.647939,5.644621,5.649926
2020-07-15,96,1,5.646830,5.645416,5.648613
2020-07-16,96,1,5.646540,5.645558,5.648591
2020-07-17,96,1,5.645541,5.643871,5.648036
2020-07-18,96,1,5.646332,5.644398,5.649079
2020-07-19,96,1,5.646301,5.644657,5.648947
2020-07-20,96,1,5.647963,5.645730,5.649913
2020-07-21,96,1,5.648561,5.647741,5.649472
2020-07-22,96,1,5.647474,5.645615,5.649333
2020-07-23,96,1,5.647852,5.645427,5.649693
2020-07-24,96,1,5.648178,5.646450,5.650113
2020-07-25,96,1,5.647903,5.644548,5.650122
2020-07-26,96,1,5.648200,5.644812,5.652825
2020-07-27,96,1,5.648204,5.645082,5.650193
2020-07-28,96,1,5.646807,5.644941,5.649390
2020-07-29,96,1,5.647567,5.644269,5.650680
2020-07-30,96,1,5.647137,5.644941,5.650573
2020-07-31,96,1,5.647508,5.644836,5.650635
2020-08-01,96,1,5.649556,5.645048,5.651336
2020-08-02,96,1,5.647034,5.645016,5.649466
2020-08-03,96,1,5.646412,5.643881,5.649062
2020-08-04,96,1,5.646723,5.645512,5.647796
2020-08-05,96,1,5.647163,5.645440,5.649672
2020-08-06,96,1,5.648021,5.644308,5.650133
2020-08-07,96,1,5.647035,5.645006,5.649272
2020-08-08,96,1,5.648377,5.644957,5.650393
2020-08-09,96,1,5.646172,5.641815,5.650393
2020-08-10,95,0,5.647476,5.645353,5.650924
2020-08-11,96,1,5.647232,5.644610,5.649781
2020-08-12,96,1,5.647139,5.645121,5.649203
2020-08-13,96,1,5.650247,5.646478,5.650596
2020-08-14,96,1,5.647101,5.645869,5.648230
2020-08-15,96,1,5.647278,5.645613,5.649425
2020-08-16,96,1,5.648082,5.645190,5.649869
2020-08-17,96,1,5.646692,5.644909,5.650183
2020-08-18,96,1,5.647270,5.644514,5.650340
2020-08-19,96,1,5.647013,5.644969,5.649798
2020-08-20,96,1,5.647644,5.644570,5.650475
2020-08-21,96,1,5.647495,5.643964,5.650146
2020-08-22,96,1,5.647260,5.644408,5.649424
2020-08-23,96,1,5.646427,5.643345,5.650548
2020-08-24,96,1,5.647526,5.644270,5.650783
2020-08-25,96,1,5.647574,5.645227,5.650499
2020-08-26,96,1,5.647400,5.646760,5.648830
2020-08-27,96,1,5.647442,5.643695,5.651573
2020-08-28,96,1,5.646838,5.644869,5.650173
2020-08-29,96,1,5.646517,5.644478,5.650393
2020-08-30,96,1,5.648884,5.645657,5.652774
2020-08-31,96,1,5.647011,5.643028,5.651057
2020-09-01,96,1,5.648395,5.644382,5.649660
2020-09-02,96,1,5.648006,5.645783,5.649927
2020-09-03,96,1,5.645841,5.643186,5.650412
2020-09-04,96,1,5.648448,5.645338,5.650499
2020-09-05,96,1,5.647220,5.644175,5.649581
2020-09-06,96,1,5.647974,5.646298,5.650066
2020-09-07,96,1,5.646584,5.643697,5.649994
2020-09-08,96,1,5.646863,5.644414,5.648499
2020-09-09,96,1,5.648094,5.644994,5.650102
2020-09-10,96,1,5.647290,5.645782,5.650012
2020-09-11,96,1,5.648392,5.644972,5.650575
2020-09-12,96,1,5.647807,5.646416,5.650092
2020-09-13,96,1,5.647498,5.645317,5.649606
2020-09-14,96,1,5.647059,5.644917,5.649259
2020-09-15,95,0,5.648079,5.645940,5.650332
2020-09-16,96,1,5.647036,5.645025,5.649421
2020-09-17,96,1,5.647374,5.645006,5.648675
2020-09-18,96,1,5.647193,5.645276,5.649124
2020-09-19,96,1,5.648356,5.646143,5.649795
2020-09-20,96,1,5.647440,5.645508,5.649362
2020-09-21,96,1,5.646880,5.645212,5.649669
2020-09-22,96,1,5.647275,5.645927,5.648998
2020-09-23,96,1,5.647978,5.646178,5.649536
2020-09-24,96,1,5.647499,5.645124,5.649575
2020-09-25,96,1,5.648313,5.646480,5.649344
2020-09-26,96,1,5.647588,5.645844,5.649094
2020-09-27,96,1,5.647244,5.645612,5.651199
2020-09-28,96,1,5.647988,5.646052,5.650561
2020-09-29,96,1,5.648011,5.645216,5.649877
2020-09-30,96,1,5.646919,5.645138,5.648712
2020-10-01,96,1,5.646996,5.645248,5.648803
2020-10-02,96,1,5.647162,5.645293,5.649591
2020-10-03,96,1,5.648452,5.646351,5.648680
2020-10-04,96,1,5.648561,5.645788,5.648963
2020-10-05,96,1,5.648189,5.644610,5.650985
2020-10-06,96,1,5.646147,5.644767,5.649034
2020-10-07,96,1,5.648561,5.645412,5.649575
2020-10-08,96,1,5.647474,5.645879,5.649587
2020-10-09,96,1,5.646371,5.644725,5.648545
2020-10-10,96,1,5.647803,5.645501,5.649298
2020-10-11,96,1,5.647051,5.644472,5.649351
2020-10-12,96,1,5.648314,5.646089,5.650867
2020-10-13,96,1,5.646929,5.644302,5.650557
2020-10-14,96,1,5.647040,5.644630,5.649559
2020-10-15,96,1,5.648675,5.646119,5.650584
2020-10-16,96,1,5.648267,5.646584,5.650432
2020-10-17,96,1,5.647873,5.645467,5.649697
2020-10-18,96,1,5.645293,5.644878,5.648962
2020-10-19,96,1,5.646845,5.644177,5.649419
2020-10-20,96,1,5.646543,5.645305,5.648066
2020-10-21,96,1,5.647323,5.644635,5.650482
2020-10-22,96,1,5.646920,5.644904,5.649155
2020-10-23,96,1,5.647795,5.645094,5.650335
2020-10-24,96,1,5.647886,5.646233,5.650313
2020-10-25,96,1,5.647860,5.643828,5.651543
2020-10-26,96,1,5.648671,5.645419,5.651038
2020-10-27,96,1,5.647235,5.644096,5.649393
2020-10-28,96,1,5.647867,5.644200,5.651138
2020-10-29,96,1,5.647873,5.645170,5.651035
2020-10-30,96,1,5.647013,5.644659,5.650177
2020-10-31,96,1,5.648837,5.645597,5.650583
2020-11-01,96,1,5.650238,5.644856,5.652765
2020-11-02,96,1,5.646464,5.643331,5.650824
2020-11-03,96,1,5.646295,5.645075,5.649421
2020-11-04,96,1,5.647243,5.644484,5.649771
2020-11-05,96,1,5.647118,5.644718,5.650437
2020-11-06,96,1,5.647058,5.644639,5.650363
2020-11-07,96,1,5.649605,5.645672,5.652975
2020-11-08,96,1,5.646593,5.639345,5.651721
2020-11-09,96,1,5.646146,5.642104,5.650295
2020-11-10,96,1,5.649146,5.643431,5.653359
2020-11-11,96,1,5.648258,5.645496,5.650867
2020-11-12,95,0,5.647641,5.644115,5.650407
2020-11-13,96,1,5.644995,5.644121,5.650160
2020-11-14,96,1,5.647346,5.645050,5.650103
2020-11-15,96,1,5.647393,5.644082,5.652501
2020-11-16,96,1,5.646319,5.642325,5.652916
2020-11-17,96,1,5.649677,5.645126,5.652403
2020-11-18,96,1,5.647762,5.644936,5.651525
2020-11-19,96,1,5.648692,5.645310,5.651088
2020-11-20,96,1,5.647458,5.644334,5.651725
2020-11-21,96,1,5.648032,5.644442,5.651479
2020-11-22,96,1,5.647523,5.644231,5.651880
2020-11-23,96,1,5.646780,5.643159,5.652871
2020-11-24,96,1,5.645951,5.643406,5.650925
2020-11-25,96,1,5.647969,5.644616,5.650931
2020-11-26,96,1,5.648134,5.641106,5.653582
2020-11-27,96,1,5.647189,5.638454,5.653806
2020-11-28,96,1,5.647997,5.643757,5.652708
2020-11-29,96,1,5.648276,5.643891,5.654334
2020-11-30,96,1,5.647778,5.644132,5.651875
2020-12-01,96,1,5.645988,5.643247,5.650515
2020-12-02,96,1,5.646684,5.644206,5.650637
2020-12-03,96,1,5.648135,5.644037,5.651136
2020-12-04,96,1,5.648723,5.645157,5.651552
2020-12-05,96,1,5.647494,5.643540,5.651079
2020-12-06,96,1,5.647716,5.642730,5.651101
2020-12-07,96,1,5.646337,5.643131,5.650301
2020-12-08,94,0,5.646116,5.643604,5.650255
2020-12-09,96,1,5.647523,5.644300,5.650937
2020-12-10,96,1,5.647062,5.643764,5.651298
2020-12-11,96,1,5.647916,5.643517,5.650227
2020-12-12,96,1,5.648784,5.642677,5.656001
2020-12-13,96,1,5.642810,5.638102,5.656783
2020-12-14,96,1,5.647018,5.642572,5.651502
2020-12-15,96,1,5.647747,5.643484,5.652173
2020-12-16,96,1,5.647216,5.643645,5.650612
2020-12-17,96,1,5.647769,5.643573,5.651560
2020-12-18,96,1,5.647763,5.644001,5.653112
2020-12-19,96,1,5.649128,5.641497,5.654157
2020-12-20,96,1,5.644692,5.637357,5.655063
2020-12-21,96,1,5.647757,5.642447,5.652269
2020-12-22,96,1,5.647673,5.644284,5.650554
2020-12-23,96,1,5.647610,5.643463,5.650982
2020-12-24,96,1,5.646651,5.644197,5.650147
2020-12-25,96,1,5.647228,5.645483,5.648486
2020-12-26,96,1,5.646702,5.643218,5.650588
2020-12-27,96,1,5.647470,5.636582,5.652300
2020-12-28,96,1,5.646100,5.639922,5.652304
2020-12-29,96,1,5.646842,5.643066,5.651257
2020-12-30,96,1,5.647470,5.645091,5.650007
2020-12-31,96,1,5.647803,5.645119,5.651219
2021-01-01,96,1,5.646651,5.641063,5.653157
2021-01-02,96,1,5.645911,5.643198,5.650252
2021-01-03,96,1,5.647376,5.637476,5.655705
2021-01-04,96,1,5.646860,5.645092,5.650115
2021-01-05,96,1,5.647579,5.643827,5.649604
2021-01-06,96,1,5.648523,5.644003,5.651877
2021-01-07,95,0,5.647320,5.643511,5.650589
2021-01-08,96,1,5.647154,5.644742,5.650756
2021-01-09,96,1,5.645762,5.644043,5.649974
2021-01-10,96,1,5.645945,5.643090,5.652921
2021-01-11,96,1,5.646077,5.642303,5.650730
2021-01-12,96,1,5.648006,5.643625,5.651369
2021-01-13,96,1,5.649183,5.646667,5.651405
2021-01-14,96,1,5.648159,5.645166,5.651716
2021-01-15,96,1,5.648117,5.642955,5.651433
2021-01-16,96,1,5.647579,5.643977,5.650578
2021-01-17,96,1,5.648498,5.644800,5.651560
2021-01-18,96,1,5.647652,5.643599,5.651560
2021-01-19,96,1,5.648041,5.644717,5.651436
2021-01-20,78,0,5.647315,5.643276,5.651709
2021-01-25,51,0,5.647470,5.645159,5.649228
2021-01-27,19,0,5.647854,5.631183,5.658898
2021-01-29,79,0,5.643712,5.632615,5.655603
2021-01-30,80,0,5.648537,5.644754,5.650787
2021-01-31,95,0,5.647854,5.644376,5.651519
2021-02-01,46,0,5.641287,5.639512,5.654151
2021-02-02,96,1,5.645111,5.638679,5.650397
2021-02-03,95,0,5.648973,5.641293,5.655709
2021-02-04,96,1,5.648130,5.642032,5.652199
2021-02-05,96,1,5.647202,5.643826,5.650343
2021-02-06,96,1,5.647243,5.643623,5.652705
2021-02-07,96,1,5.649396,5.646235,5.652100
2021-02-08,96,1,5.646052,5.644234,5.649917
2021-02-09,96,1,5.649278,5.644232,5.651440
2021-02-10,96,1,5.646037,5.644384,5.649805
2021-02-11,96,1,5.646948,5.644459,5.650114
2021-02-12,96,1,5.646995,5.644125,5.650456
2021-02-13,96,1,5.647681,5.644602,5.651455
2021-02-14,96,1,5.646421,5.636983,5.655000
2021-02-15,96,1,5.647058,5.645046,5.650059
2021-02-16,96,1,5.647709,5.644558,5.650566
2021-02-17,96,1,5.647467,5.643467,5.651023
2021-02-18,96,1,5.647290,5.643030,5.649278
2021-02-19,96,1,5.647343,5.645581,5.648764
2021-02-20,96,1,5.647588,5.645754,5.650482
2021-02-21,96,1,5.647457,5.642476,5.651483
2021-02-22,96,1,5.645408,5.642454,5.649768
2021-02-23,96,1,5.648740,5.645293,5.651040
2021-02-24,96,1,5.646835,5.645327,5.649369
2021-02-25,96,1,5.647807,5.645317,5.650442
2021-02-26,96,1,5.647400,5.644611,5.650628
2021-02-27,96,1,5.647575,5.645197,5.649757
2021-02-28,96,1,5.646748,5.642987,5.649078
2021-03-01,94,0,5.647168,5.644152,5.650533
2021-03-02,96,1,5.647015,5.644573,5.649523
2021-03-03,96,1,5.647437,5.644512,5.649699
2021-03-04,84,0,5.647275,5.645725,5.650036
2021-03-05,78,0,5.646859,5.645248,5.649495
2021-03-06,96,1,5.648145,5.645671,5.649841
2021-03-07,96,1,5.648327,5.644057,5.651009
2021-03-08,96,1,5.648127,5.645298,5.650331
2021-03-09,96,1,5.647172,5.645469,5.649607
2021-03-10,96,1,5.647736,5.645961,5.649293
2021-03-11,96,1,5.647527,5.645558,5.648882
2021-03-12,96,1,5.648167,5.645702,5.649608
2021-03-13,96,1,5.647301,5.645728,5.649548
2021-03-14,96,1,5.649278,5.644618,5.651671
2021-03-15,96,1,5.646674,5.643887,5.649992
2021-03-16,96,1,5.646367,5.645673,5.648002
2021-03-17,96,1,5.646677,5.644924,5.648958
2021-03-18,96,1,5.646801,5.644186,5.650374
2021-03-19,96,1,5.647758,5.645984,5.649410
2021-03-20,96,1,5.648004,5.646214,5.650506
2021-03-21,96,1,5.646246,5.642641,5.651420
2021-03-22,96,1,5.646748,5.643958,5.650427
2021-03-23,96,1,5.648030,5.645412,5.649706
2021-03-24,96,1,5.646771,5.645104,5.649216
2021-03-25,96,1,5.647665,5.645591,5.648957
2021-03-26,96,1,5.647391,5.645254,5.649829
2021-03-27,96,1,5.646339,5.645618,5.647614
2021-03-28,96,1,5.650020,5.646339,5.651662
2021-03-29,96,1,5.649657,5.646605,5.651647
2021-03-30,96,1,5.646808,5.644817,5.649616
2021-03-31,96,1,5.648294,5.645137,5.649800
2021-04-01,96,1,5.647328,5.645878,5.649441
2021-04-02,96,1,5.647786,5.646167,5.649466
2021-04-03,96,1,5.647234,5.645341,5.649120
2021-04-04,96,1,5.646737,5.643132,5.649780
2021-04-05,96,1,5.647500,5.645004,5.650287
2021-04-06,96,1,5.648144,5.646023,5.649966
2021-04-07,96,1,5.647968,5.645468,5.649184
2021-04-08,96,1,5.646616,5.645653,5.647678
2021-04-09,96,1,5.647536,5.646284,5.649008
2021-04-10,96,1,5.647932,5.645296,5.649825
2021-04-11,96,1,5.647681,5.646335,5.649625
2021-04-12,96,1,5.647052,5.644933,5.649234
2021-04-13,96,1,5.646709,5.645223,5.648357
2021-04-14,96,1,5.646177,5.644906,5.648547
2021-04-15,96,1,5.648428,5.646494,5.648968
2021-04-16,96,1,5.647796,5.646556,5.649086
2021-04-17,96,1,5.646939,5.644772,5.649744
2021-04-18,96,1,5.647470,5.644565,5.650300
2021-04-19,96,1,5.648116,5.645184,5.650063
2021-04-20,96,1,5.647763,5.645999,5.649523
2021-04-21,96,1,5.646995,5.646547,5.648258
2021-04-22,96,1,5.646785,5.645568,5.648800
2021-04-23,96,1,5.647529,5.641787,5.650066
2021-04-24,96,1,5.647500,5.645638,5.648561
2021-04-25,9,0,5.649235,5.648677,5.649383
2021-04-27,2,0,5.647819,5.647266,5.648373
2021-04-28,1,0,5.645277,5.645277,5.645277
2021-04-29,20,0,5.646082,5.645981,5.649524
2021-04-30,30,0,5.647542,5.645870,5.648832
2021-05-03,24,0,5.647168,5.645462,5.649342
2021-05-04,96,1,5.647667,5.644867,5.648819
2021-05-05,96,1,5.647239,5.646224,5.648910
2021-05-06,96,1,5.647476,5.646342,5.649771
2021-05-07,96,1,5.647847,5.646435,5.649930
2021-05-08,96,1,5.646962,5.645233,5.648968
2021-05-09,96,1,5.647527,5.644705,5.648794
2021-05-10,96,1,5.647984,5.644954,5.649645
2021-05-11,96,1,5.647288,5.646125,5.649123
2021-05-12,96,1,5.647972,5.646301,5.649123
2021-05-13,96,1,5.647081,5.646152,5.649248
2021-05-14,96,1,5.649693,5.648027,5.650165
2021-05-15,96,1,5.649169,5.648316,5.649797
2021-05-16,96,1,5.646825,5.645153,5.648573
2021-05-17,96,1,5.646920,5.645208,5.649733
2021-05-18,96,1,5.647768,5.645666,5.649543
2021-05-19,96,1,5.649359,5.647253,5.650213
2021-05-20,96,1,5.647595,5.646204,5.649474
2021-05-21,96,1,5.647235,5.645918,5.648590
2021-05-22,96,1,5.647894,5.645788,5.649434
2021-05-23,96,1,5.647847,5.645769,5.649524
2021-05-24,96,1,5.648208,5.645581,5.650428
2021-05-25,96,1,5.648346,5.646192,5.650126
2021-05-26,96,1,5.647523,5.645280,5.649777
2021-05-27,96,1,5.647738,5.645242,5.649247
2021-05-28,96,1,5.647649,5.645730,5.649567
2021-05-29,96,1,5.647518,5.645582,5.649167
2021-05-30,96,1,5.648367,5.645761,5.651009
2021-05-31,96,1,5.647303,5.644783,5.649777
2021-06-01,96,1,5.646969,5.644841,5.649722
2021-06-02,96,1,5.646146,5.644961,5.648365
2021-06-03,96,1,5.647927,5.646139,5.649619
2021-06-04,96,1,5.647792,5.645787,5.649871
2021-06-05,96,1,5.647514,5.646193,5.649221
2021-06-06,96,1,5.646825,5.644500,5.649246
2021-06-07,96,1,5.647684,5.645850,5.649678
2021-06-08,96,1,5.647649,5.646167,5.649274
2021-06-09,95,0,5.647814,5.645631,5.649094
2021-06-10,96,1,5.647932,5.646538,5.649039
2021-06-11,96,1,5.648126,5.646764,5.649427
2021-06-12,96,1,5.647338,5.645877,5.648975
2021-06-13,96,1,5.648026,5.645168,5.651314
2021-06-14,96,1,5.647781,5.645474,5.649715
2021-06-15,96,1,5.647865,5.646645,5.649559
2021-06-16,96,1,5.647895,5.646446,5.649162
2021-06-17,96,1,5.648030,5.646645,5.649175
2021-06-18,96,1,5.647338,5.645553,5.648754
2021-06-19,96,1,5.647663,5.645547,5.649570
2021-06-20,96,1,5.645516,5.643324,5.651261
2021-06-21,96,1,5.647972,5.645185,5.650022
2021-06-22,96,1,5.647834,5.645644,5.649274
2021-06-23,96,1,5.649000,5.646923,5.649916
2021-06-24,96,1,5.647744,5.645754,5.650304
2021-06-25,96,1,5.647647,5.645876,5.649670
2021-06-26,96,1,5.647961,5.645551,5.650131
2021-06-27,96,1,5.647101,5.644581,5.653366
2021-06-28,96,1,5.646685,5.644292,5.649534
2021-06-29,96,1,5.647282,5.645106,5.648675
2021-06-30,96,1,5.646929,5.645716,5.648561
2021-07-01,96,1,5.648514,5.646535,5.649726
2021-07-02,96,1,5.648305,5.646822,5.649056
2021-07-03,96,1,5.647789,5.646202,5.648547
2021-07-04,96,1,5.646431,5.645041,5.649139
2021-07-05,96,1,5.647252,5.644657,5.649962
2021-07-06,96,1,5.648025,5.644785,5.650259
2021-07-07,96,1,5.646442,5.645413,5.647904
2021-07-08,96,1,5.644814,5.644663,5.645240
2021-07-09,96,1,5.646673,5.645428,5.648293
2021-07-10,96,1,5.647091,5.644694,5.649007
2021-07-11,96,1,5.645576,5.641172,5.650527
2021-07-12,96,1,5.648088,5.645173,5.650892
2021-07-13,96,1,5.647270,5.645356,5.649662
2021-07-14,96,1,5.647114,5.645693,5.649225
2021-07-15,17,0,5.647793,5.645648,5.648789
2021-07-20,94,0,5.647170,5.644653,5.649840
2021-07-21,96,1,5.647538,5.646158,5.649540
2021-07-22,58,0,5.646885,5.644789,5.649084
2021-07-23,96,1,5.647833,5.645361,5.650449
2021-07-24,96,1,5.647723,5.645960,5.649345
2021-07-25,96,1,5.647350,5.645798,5.649779
2021-07-26,96,1,5.647505,5.644402,5.650951
2021-07-27,96,1,5.647720,5.645842,5.649799
2021-07-28,96,1,5.647721,5.644683,5.649790
2021-07-29,96,1,5.647162,5.645375,5.649669
2021-07-30,96,1,5.646826,5.644933,5.650700
2021-07-31,96,1,5.648821,5.645872,5.650647
2021-08-01,96,1,5.647667,5.643332,5.651639
2021-08-02,96,1,5.646641,5.643882,5.650109
2021-08-03,96,1,5.646984,5.644293,5.649396
2021-08-04,96,1,5.648725,5.644453,5.650058
2021-08-05,96,1,5.647195,5.643735,5.650449
2021-08-06,96,1,5.647313,5.644805,5.649692
2021-08-07,96,1,5.646959,5.644106,5.650306
2021-08-08,96,1,5.647228,5.643858,5.651206
2021-08-09,96,1,5.647095,5.644698,5.650557
2021-08-10,96,1,5.647634,5.646180,5.651548
2021-08-11,96,1,5.648609,5.645937,5.650468
2021-08-12,96,1,5.647233,5.643795,5.650503
2021-08-13,96,1,5.648316,5.644132,5.653318
2021-08-14,96,1,5.648798,5.641672,5.654042
2021-08-15,59,0,5.647817,5.645441,5.649552
2021-08-16,56,0,5.646712,5.642648,5.651822
2021-08-17,96,1,5.646155,5.641443,5.650467
2021-08-18,96,1,5.645069,5.640266,5.651431
2021-08-19,96,1,5.646920,5.641541,5.650092
2021-08-20,96,1,5.646853,5.644106,5.649774
2021-08-21,96,1,5.646481,5.643863,5.650040
2021-08-22,96,1,5.646314,5.640397,5.655066
2021-08-23,96,1,5.648682,5.644603,5.652166
2021-08-24,96,1,5.647719,5.644366,5.649560
2021-08-25,96,1,5.647366,5.644573,5.651082
2021-08-26,96,1,5.647001,5.644932,5.649672
2021-08-27,96,1,5.647421,5.645074,5.649443
2021-08-28,96,1,5.647939,5.644657,5.650592
2021-08-29,96,1,5.647424,5.644600,5.652864
2021-08-30,96,1,5.647276,5.642250,5.651371
2021-08-31,96,1,5.647546,5.644440,5.650526
2021-09-01,96,1,5.648159,5.644644,5.651566
2021-09-02,96,1,5.648075,5.645365,5.649915
2021-09-03,96,1,5.647125,5.644370,5.650212
2021-09-04,96,1,5.648040,5.645718,5.651362
2021-09-05,96,1,5.648278,5.645895,5.651253
2021-09-06,96,1,5.648985,5.644918,5.650091
2021-09-07,96,1,5.647164,5.644611,5.650151
2021-09-08,96,1,5.647681,5.645934,5.650055
2021-09-09,96,1,5.647268,5.646302,5.648908
2021-09-10,96,1,5.648689,5.646664,5.649482
2021-09-11,96,1,5.647195,5.644462,5.649242
2021-09-12,96,1,5.647633,5.643524,5.651165
2021-09-13,96,1,5.647685,5.645128,5.650224
2021-09-14,96,1,5.647212,5.645328,5.649524
2021-09-15,96,1,5.647565,5.644753,5.649776
2021-09-16,96,1,5.647593,5.645862,5.649751
2021-09-17,96,1,5.648555,5.646049,5.649932
2021-09-18,96,1,5.647228,5.645593,5.649525
2021-09-19,96,1,5.647289,5.645508,5.649644
2021-09-20,96,1,5.646975,5.645311,5.649620
2021-09-21,96,1,5.647901,5.645509,5.650285
2021-09-22,96,1,5.647852,5.645644,5.649397
2021-09-23,96,1,5.646210,5.645221,5.649452
2021-09-24,96,1,5.647484,5.644801,5.649520
2021-09-25,96,1,5.647898,5.645435,5.649321
2021-09-26,96,1,5.648126,5.645412,5.649796
2021-09-27,96,1,5.647251,5.645122,5.648873
2021-09-28,94,0,5.647022,5.645819,5.649060
2021-09-29,96,1,5.646800,5.644756,5.648825
2021-09-30,96,1,5.646935,5.645025,5.649153
2021-10-01,96,1,5.647425,5.645139,5.649535
2021-10-02,96,1,5.647961,5.644827,5.649502
2021-10-03,96,1,5.646681,5.644078,5.650313
2021-10-04,96,1,5.648092,5.644583,5.650005
2021-10-05,96,1,5.648196,5.646356,5.649820
2021-10-06,96,1,5.647442,5.645907,5.649317
2021-10-07,96,1,5.648866,5.645230,5.861923
2021-10-08,96,1,5.863801,5.862934,5.865457
2021-10-09,96,1,5.865912,5.863345,5.867813
2021-10-10,96,1,5.865502,5.863085,5.868037
2021-10-11,96,1,5.865140,5.863192,5.867516
2021-10-12,96,1,5.864271,5.862209,5.866656
2021-10-13,96,1,5.865727,5.863007,5.868603
2021-10-14,96,1,5.863000,5.862831,5.863361
2021-10-15,96,1,5.866384,5.863425,5.868033
2021-10-16,96,1,5.865216,5.862725,5.866956
2021-10-17,96,1,5.865252,5.861900,5.868766
2021-10-18,96,1,5.866226,5.863646,5.868938
2021-10-19,96,1,5.863981,5.861865,5.866910
2021-10-20,96,1,5.864763,5.862313,5.867155
2021-10-21,96,1,5.865431,5.862971,5.867405
2021-10-22,96,1,5.864624,5.863124,5.867622
2021-10-23,96,1,5.866079,5.862596,5.867632
2021-10-24,96,1,5.865168,5.862690,5.868134
2021-10-25,96,1,5.865602,5.862432,5.868661
2021-10-26,96,1,5.864940,5.861118,5.867593
2021-10-27,96,1,5.865597,5.862765,5.867277
2021-10-28,96,1,5.864817,5.862604,5.868706
2021-10-29,96,1,5.865565,5.862234,5.867980
2021-10-30,96,1,5.865573,5.862408,5.868582
2021-10-31,96,1,5.865043,5.862007,5.869015
2021-11-01,96,1,5.864666,5.859244,5.869049
2021-11-02,96,1,5.864798,5.862594,5.866644
2021-11-03,96,1,5.864720,5.862446,5.867162
2021-11-04,96,1,5.865448,5.860292,5.868638
2021-11-05,96,1,5.865131,5.862042,5.867345
2021-11-06,96,1,5.864414,5.862715,5.867640
2021-11-07,96,1,5.863826,5.861725,5.867480
2021-11-08,96,1,5.865996,5.862922,5.868339
2021-11-09,96,1,5.864689,5.862602,5.866953
2021-11-10,96,1,5.865035,5.862089,5.869196
2021-11-11,96,1,5.865072,5.860911,5.869255
2021-11-12,96,1,5.865038,5.860243,5.868607
2021-11-13,96,1,5.864973,5.858948,5.869711
2021-11-14,96,1,5.863920,5.860941,5.869351
2021-11-15,96,1,5.864966,5.861009,5.869468
2021-11-16,96,1,5.865416,5.863418,5.866945
2021-11-17,96,1,5.864484,5.860405,5.868633
2021-11-18,96,1,5.866149,5.862738,5.868485
2021-11-19,96,1,5.866538,5.858969,5.869581
2021-11-20,96,1,5.865803,5.860085,5.870086
2021-11-21,96,1,5.865091,5.860492,5.868627
2021-11-22,96,1,5.865718,5.862349,5.868076
2021-11-23,96,1,5.866506,5.860901,5.870180
2021-11-24,96,1,5.865528,5.860392,5.869319
2021-11-25,96,1,5.864763,5.860703,5.868975
2021-11-26,96,1,5.863788,5.857132,5.870614
2021-11-27,96,1,5.865672,5.861478,5.868024
2021-11-28,96,1,5.865215,5.860128,5.871217
2021-11-29,96,1,5.865098,5.862498,5.866831
2021-11-30,96,1,5.865139,5.859408,5.867669
2021-12-01,96,1,5.863029,5.858594,5.869245
2021-12-02,96,1,5.864436,5.860991,5.868309
2021-12-03,96,1,5.864591,5.861991,5.867863
2021-12-04,96,1,5.866130,5.862330,5.868233
2021-12-05,96,1,5.865358,5.856651,5.872362
2021-12-06,96,1,5.864977,5.862370,5.867874
2021-12-07,96,1,5.865318,5.860567,5.868582
2021-12-08,96,1,5.865497,5.861957,5.868493
2021-12-09,96,1,5.864892,5.861177,5.868481
2021-12-10,96,1,5.865674,5.861053,5.870062
2021-12-11,96,1,5.865700,5.859906,5.869046
2021-12-12,96,1,5.865324,5.859253,5.872858
2021-12-13,96,1,5.866387,5.863370,5.869918
2021-12-14,96,1,5.863961,5.860513,5.869585
2021-12-15,96,1,5.865063,5.861692,5.871202
2021-12-16,96,1,5.865488,5.860616,5.867934
2021-12-17,96,1,5.866083,5.861213,5.869645
2021-12-18,96,1,5.865168,5.861312,5.870910
2021-12-19,96,1,5.864376,5.856368,5.872823
2021-12-20,96,1,5.864972,5.859669,5.871740
2021-12-21,96,1,5.867438,5.862855,5.871221
2021-12-22,96,1,5.866440,5.861540,5.869438
2021-12-23,96,1,5.864705,5.862798,5.870561
2021-12-24,72,0,5.867006,5.861274,5.870188
2021-12-26,37,0,5.862365,5.847951,5.869641
2021-12-27,96,1,5.863154,5.856981,5.869346
2021-12-28,96,1,5.861220,5.852923,5.871418
2021-12-29,96,1,5.865285,5.862047,5.870103
2021-12-30,96,1,5.864869,5.861092,5.867834
2021-12-31,96,1,5.868214,5.854595,5.876679
2022-01-03,93,0,5.870011,5.850385,5.890153
2022-01-04,96,1,5.866955,5.821018,5.920177
2022-01-05,96,1,5.858900,5.847277,5.876683
2022-01-06,96,1,5.869608,5.855455,5.878684
2022-01-07,96,1,5.864621,5.857258,5.870671
2022-01-08,96,1,5.864348,5.860343,5.867083
2022-01-09,96,1,5.864357,5.861399,5.868666
2022-01-10,96,1,5.866108,5.860560,5.869792
2022-01-11,96,1,5.865654,5.862882,5.871004
2022-01-12,96,1,5.865973,5.863593,5.872148
2022-01-13,96,1,5.865154,5.862418,5.869199
2022-01-14,96,1,5.866043,5.862666,5.868788
2022-01-15,96,1,5.865178,5.862555,5.868841
2022-01-16,96,1,5.864915,5.860492,5.869478
2022-01-17,96,1,5.866516,5.862024,5.868828
2022-01-18,96,1,5.865197,5.862654,5.867651
2022-01-19,96,1,5.864886,5.863057,5.867673
2022-01-20,17,0,5.865416,5.863598,5.868630
2022-01-22,39,0,5.864356,5.862900,5.866745
2022-01-23,1,0,5.860928,5.860928,5.860928
2022-01-27,50,0,5.866256,5.863575,5.868090
2022-01-28,96,1,5.866150,5.864152,5.867744
2022-01-29,96,1,5.865707,5.864172,5.867197
2022-01-30,96,1,5.864381,5.861166,5.867614
2022-01-31,96,1,5.864613,5.860546,5.867121
2022-02-01,96,1,5.865188,5.862043,5.867314
2022-02-02,96,1,5.866399,5.864824,5.868904
2022-02-03,96,1,5.865258,5.862908,5.867217
2022-02-04,96,1,5.866058,5.863708,5.868447
2022-02-05,96,1,5.866813,5.862596,5.868327
2022-02-06,96,1,5.865268,5.861991,5.868749
2022-02-07,96,1,5.863996,5.859072,5.868841
2022-02-08,96,1,5.866140,5.861525,5.870390
2022-02-09,96,1,5.865735,5.863112,5.868262
2022-02-10,96,1,5.865954,5.859938,5.866984
2022-02-11,96,1,5.864877,5.862514,5.866562
2022-02-12,96,1,5.864490,5.862332,5.867968
2022-02-13,96,1,5.866144,5.858479,5.869721
2022-02-14,96,1,5.865691,5.863121,5.867762
2022-02-15,96,1,5.862677,5.860952,5.865433
2022-02-16,96,1,5.865430,5.862383,5.869278
2022-02-17,96,1,5.864742,5.864184,5.866351
2022-02-18,96,1,5.865374,5.861294,5.868381
2022-02-19,96,1,5.864579,5.860361,5.868728
2022-02-20,96,1,5.864832,5.859072,5.869853
2022-02-21,96,1,5.866174,5.862040,5.868535
2022-02-22,96,1,5.864905,5.862910,5.867785
2022-02-23,96,1,5.864571,5.861644,5.868203
2022-02-24,96,1,5.864430,5.861071,5.868725
2022-02-25,96,1,5.865889,5.861717,5.868527
2022-02-26,96,1,5.867631,5.863011,5.868497
2022-02-27,96,1,5.865523,5.862246,5.868161
2022-02-28,96,1,5.864784,5.862789,5.867293
2022-03-01,96,1,5.864906,5.863048,5.868806
2022-03-02,96,1,5.864532,5.861980,5.867116
2022-03-03,96,1,5.865228,5.862107,5.867554
2022-03-04,96,1,5.865758,5.864613,5.866579
2022-03-05,96,1,5.866461,5.861783,5.869791
2022-03-06,96,1,5.864274,5.856111,5.873103
2022-03-07,96,1,5.866651,5.861985,5.870025
2022-03-08,96,1,5.865325,5.863300,5.866865
2022-03-09,96,1,5.865680,5.863182,5.867200
2022-03-10,96,1,5.865216,5.863055,5.868251
2022-03-11,96,1,5.865057,5.863177,5.867736
2022-03-12,96,1,5.864662,5.862789,5.867025
2022-03-13,96,1,5.864825,5.862402,5.867685
2022-03-14,96,1,5.865839,5.863053,5.868683
2022-03-15,96,1,5.865257,5.863442,5.867590
2022-03-16,96,1,5.865096,5.863517,5.866716
2022-03-17,96,1,5.865268,5.862719,5.866924
2022-03-18,96,1,5.865995,5.863309,5.867783
2022-03-19,96,1,5.864651,5.863006,5.866537
2022-03-20,96,1,5.865166,5.861116,5.868024
2022-03-21,96,1,5.865529,5.862228,5.868193
2022-03-22,96,1,5.865790,5.863562,5.866957
2022-03-23,96,1,5.865630,5.863387,5.867478
2022-03-24,96,1,5.865618,5.863546,5.867092
2022-03-25,96,1,5.865473,5.862930,5.868015
2022-03-26,96,1,5.864906,5.863099,5.867295
2022-03-27,96,1,5.864743,5.863173,5.866694
2022-03-28,96,1,5.865207,5.863826,5.866816
2022-03-29,96,1,5.865491,5.863162,5.867547
2022-03-30,96,1,5.865356,5.863740,5.866752
2022-03-31,96,1,5.864829,5.863079,5.866335
2022-04-01,96,1,5.864967,5.863531,5.867376
2022-04-02,96,1,5.865902,5.863514,5.867273
2022-04-03,96,1,5.864640,5.862095,5.867919
2022-04-04,96,1,5.865576,5.862937,5.867718
2022-04-05,96,1,5.864132,5.862205,5.866578
2022-04-06,96,1,5.865435,5.863488,5.867525
2022-04-07,96,1,5.865403,5.863254,5.867087
2022-04-08,96,1,5.865429,5.863472,5.866966
2022-04-09,96,1,5.865583,5.862794,5.867301
2022-04-10,96,1,5.865992,5.863633,5.868076
2022-04-11,96,1,5.865680,5.863307,5.867884
2022-04-12,96,1,5.865036,5.864457,5.866523
2022-04-13,96,1,5.863840,5.863434,5.864189
2022-04-14,96,1,5.865297,5.863420,5.866466
2022-04-15,96,1,5.865465,5.863767,5.866981
2022-04-16,96,1,5.864741,5.861942,5.867788
2022-04-17,96,1,5.866584,5.861759,5.868947
2022-04-18,96,1,5.865271,5.861812,5.868514
2022-04-19,96,1,5.864741,5.863375,5.865884
2022-04-20,96,1,5.865422,5.863882,5.867035
2022-04-21,96,1,5.864545,5.863226,5.866494
2022-04-22,96,1,5.865094,5.863765,5.866469
2022-04-23,96,1,5.865567,5.863545,5.867407
2022-04-24,96,1,5.864973,5.863604,5.867443
2022-04-25,96,1,5.865140,5.862845,5.867772
2022-04-26,96,1,5.864444,5.863403,5.866564
2022-04-27,96,1,5.865461,5.863631,5.867256
2022-04-28,96,1,5.865461,5.863080,5.867371
2022-04-29,96,1,5.865565,5.863920,5.867048
2022-04-30,96,1,5.865569,5.863717,5.866986
2022-05-01,96,1,5.865364,5.862966,5.867885
2022-05-02,96,1,5.865710,5.863056,5.868627
2022-05-03,96,1,5.865582,5.864179,5.867257
2022-05-04,96,1,5.865058,5.864367,5.866030
2022-05-05,96,1,5.865252,5.863996,5.865987
2022-05-06,96,1,5.866156,5.865451,5.867121
2022-05-07,96,1,5.865353,5.863619,5.867048
2022-05-08,96,1,5.866975,5.863880,5.867328
2022-05-09,96,1,5.864022,5.861896,5.867493
2022-05-10,96,1,5.864415,5.862478,5.866691
2022-05-11,96,1,5.865369,5.863387,5.866885
2022-05-12,96,1,5.865957,5.863664,5.867097
2022-05-13,96,1,5.865581,5.863619,5.867076
2022-05-14,96,1,5.865381,5.862600,5.867064
2022-05-15,96,1,5.865875,5.863934,5.867947
2022-05-16,96,1,5.865360,5.863254,5.867846
2022-05-17,96,1,5.864985,5.862824,5.866582
2022-05-18,96,1,5.865674,5.863695,5.866776
2022-05-19,96,1,5.864813,5.862943,5.866846
2022-05-20,96,1,5.864732,5.862790,5.866924
2022-05-21,96,1,5.864302,5.862537,5.867960
2022-05-22,96,1,5.865927,5.861957,5.870488
2022-05-23,96,1,5.864317,5.862017,5.867203
2022-05-24,96,1,5.863991,5.861708,5.865812
2022-05-25,96,1,5.865340,5.863601,5.867723
2022-05-26,96,1,5.864475,5.862488,5.867545
2022-05-27,96,1,5.865155,5.862389,5.868202
2022-05-28,96,1,5.865551,5.861682,5.866996
2022-05-29,96,1,5.865808,5.862530,5.868806
2022-05-30,96,1,5.864943,5.862150,5.868614
2022-05-31,96,1,5.865530,5.862227,5.867790
2022-06-01,96,1,5.865112,5.862453,5.867408
2022-06-02,95,0,5.865112,5.863371,5.866771
2022-06-03,96,1,5.866043,5.863018,5.867170
2022-06-04,96,1,5.865567,5.863018,5.868200
2022-06-05,96,1,5.865012,5.862351,5.867184
2022-06-06,96,1,5.864546,5.861660,5.867150
2022-06-07,96,1,5.866059,5.862916,5.867035
2022-06-08,96,1,5.864424,5.862505,5.866817
2022-06-09,96,1,5.865362,5.863367,5.866743
2022-06-10,96,1,5.864859,5.863698,5.866571
2022-06-11,96,1,5.864747,5.860741,5.869334
2022-06-12,96,1,5.865726,5.862360,5.868829
2022-06-13,96,1,5.864581,5.862940,5.866771
2022-06-14,96,1,5.866204,5.863569,5.867366
2022-06-15,96,1,5.865906,5.863321,5.866825
2022-06-16,30,0,5.863723,5.862168,5.866854
2022-06-20,56,0,5.865898,5.863696,5.867488
2022-06-21,96,1,5.864521,5.863110,5.867001
2022-06-22,96,1,5.865443,5.863817,5.866440
2022-06-23,96,1,5.863987,5.862530,5.866236
2022-06-24,29,0,5.864798,5.859406,5.866761
2022-06-28,79,0,5.864659,5.862771,5.866687
2022-06-29,96,1,5.865411,5.863503,5.867334
2022-06-30,96,1,5.864624,5.862419,5.867250
2022-07-01,96,1,5.865849,5.863375,5.868267
2022-07-02,96,1,5.865114,5.861718,5.867847
2022-07-03,96,1,5.863765,5.861037,5.868582
2022-07-04,96,1,5.864651,5.859534,5.869108
2022-07-05,96,1,5.864892,5.860704,5.868819
2022-07-06,96,1,5.863639,5.860929,5.867670
2022-07-07,96,1,5.864684,5.859806,5.868382
2022-07-08,96,1,5.864691,5.862419,5.868613
2022-07-09,96,1,5.864882,5.861217,5.867375
2022-07-10,96,1,5.865213,5.862378,5.868599
2022-07-11,96,1,5.864723,5.861834,5.868338
2022-07-12,96,1,5.864451,5.862564,5.868019
2022-07-13,96,1,5.864893,5.862425,5.868234
2022-07-14,96,1,5.864920,5.862193,5.867277
2022-07-15,96,1,5.865536,5.862362,5.867708
2022-07-16,96,1,5.864542,5.862285,5.868453
2022-07-17,96,1,5.864947,5.860257,5.869955
2022-07-18,96,1,5.865247,5.861417,5.869575
2022-07-19,96,1,5.864876,5.860787,5.870187
2022-07-20,96,1,5.865354,5.862145,5.868637
2022-07-21,96,1,5.866437,5.862491,5.868931
2022-07-22,96,1,5.866201,5.863445,5.869054
2022-07-23,96,1,5.864782,5.861468,5.868795
2022-07-24,96,1,5.866854,5.858370,5.875390
2022-07-25,96,1,5.866219,5.858974,5.871085
2022-07-26,96,1,5.864832,5.862623,5.867964
2022-07-27,96,1,5.864887,5.862375,5.868872
2022-07-28,96,1,5.865591,5.862755,5.868707
2022-07-29,96,1,5.864678,5.860155,5.868844
2022-07-30,96,1,5.864404,5.859539,5.871159
2022-07-31,96,1,5.864926,5.854181,5.869129
2022-08-01,82,0,5.866687,5.862179,5.871450
2022-08-02,96,1,5.865658,5.860990,5.868295
2022-08-03,96,1,5.863939,5.860996,5.868627
2022-08-04,96,1,5.863694,5.859070,5.870755
2022-08-05,96,1,5.863789,5.860267,5.867872
2022-08-06,96,1,5.865012,5.862379,5.868146
2022-08-07,96,1,5.864666,5.859556,5.869547
2022-08-08,96,1,5.865248,5.862064,5.869384
2022-08-09,96,1,5.864048,5.861371,5.867892
2022-08-10,96,1,5.864533,5.863163,5.868553
2022-08-11,96,1,5.865303,5.861449,5.868079
2022-08-12,96,1,5.864410,5.861296,5.868848
2022-08-13,96,1,5.864944,5.861756,5.868047
2022-08-14,96,1,5.863787,5.860534,5.868133
2022-08-15,96,1,5.865585,5.860698,5.869749
2022-08-16,96,1,5.864927,5.862096,5.867900
2022-08-17,96,1,5.864119,5.860420,5.869049
2022-08-18,96,1,5.865283,5.862419,5.869210
2022-08-19,96,1,5.865290,5.862375,5.867454
2022-08-20,96,1,5.864457,5.861779,5.867614
2022-08-21,96,1,5.866146,5.856635,5.871600
2022-08-22,96,1,5.865374,5.861224,5.869866
2022-08-23,96,1,5.865374,5.862186,5.868671
2022-08-24,96,1,5.864225,5.861200,5.867274
2022-08-25,96,1,5.865469,5.861995,5.869857
2022-08-26,96,1,5.864527,5.862374,5.868768
2022-08-27,96,1,5.866350,5.863011,5.868975
2022-08-28,96,1,5.865074,5.861706,5.869541
2022-08-29,96,1,5.865696,5.861933,5.869212
2022-08-30,96,1,5.865488,5.860962,5.867743
2022-08-31,96,1,5.864593,5.861540,5.867449
2022-09-01,96,1,5.864804,5.861502,5.867438
2022-09-02,96,1,5.865509,5.862808,5.867619
2022-09-03,96,1,5.866305,5.862097,5.868270
2022-09-04,96,1,5.865052,5.861829,5.868185
2022-09-05,96,1,5.864768,5.861576,5.868890
2022-09-06,96,1,5.865260,5.863300,5.867298
2022-09-07,96,1,5.865135,5.863227,5.866849
2022-09-08,96,1,5.866028,5.863676,5.867757
2022-09-09,96,1,5.865642,5.863888,5.867885
2022-09-10,96,1,5.865191,5.861895,5.868183
2022-09-11,96,1,5.865051,5.861794,5.869001
2022-09-12,96,1,5.864830,5.861440,5.868349
2022-09-13,96,1,5.864848,5.863029,5.867013
2022-09-14,96,1,5.865234,5.863831,5.867135
2022-09-15,96,1,5.865793,5.864150,5.867571
2022-09-16,96,1,5.865369,5.863951,5.867090
2022-09-17,96,1,5.865937,5.864059,5.866940
2022-09-18,96,1,5.865118,5.862988,5.866757
2022-09-19,96,1,5.865980,5.862696,5.868052
2022-09-20,96,1,5.865551,5.862861,5.867911
2022-09-21,96,1,5.865389,5.862940,5.867827
2022-09-22,96,1,5.866771,5.863699,5.868283
2022-09-23,96,1,5.865762,5.863775,5.867405
2022-09-24,96,1,5.864473,5.862655,5.865745
2022-09-25,96,1,5.864871,5.863784,5.866819
2022-09-26,96,1,5.864688,5.861835,5.867408
2022-09-27,96,1,5.864501,5.863754,5.866583
2022-09-28,96,1,5.867094,5.866750,5.867521
2022-09-29,96,1,5.864727,5.863462,5.867672
2022-09-30,96,1,5.865113,5.862838,5.866884
2022-10-01,96,1,5.865027,5.863582,5.866749
2022-10-02,96,1,5.865285,5.863416,5.867626
2022-10-03,96,1,5.865098,5.862925,5.867041
2022-10-04,96,1,5.866476,5.864661,5.867099
2022-10-05,96,1,5.866548,5.864628,5.868063
2022-10-06,96,1,5.865267,5.863363,5.867104
2022-10-07,96,1,5.864810,5.862966,5.867158
2022-10-08,96,1,5.865112,5.862683,5.867919
2022-10-09,96,1,5.866327,5.863969,5.868647
2022-10-10,96,1,5.865298,5.862319,5.867610
2022-10-11,96,1,5.864651,5.862292,5.867173
2022-10-12,96,1,5.865470,5.863308,5.867103
2022-10-13,96,1,5.865518,5.862923,5.867473
2022-10-14,96,1,5.864866,5.862742,5.866646
2022-10-15,96,1,5.865303,5.862686,5.868487
2022-10-16,96,1,5.865769,5.862858,5.868079
2022-10-17,96,1,5.865581,5.860225,5.870897
2022-10-18,96,1,5.863590,5.861320,5.867940
2022-10-19,96,1,5.866015,5.862301,5.868252
2022-10-20,96,1,5.865448,5.863305,5.867681
2022-10-21,96,1,5.865319,5.862162,5.868453
2022-10-22,96,1,5.865695,5.862331,5.868628
2022-10-23,96,1,5.865687,5.861699,5.868959
2022-10-24,96,1,5.866200,5.861609,5.868902
2022-10-25,96,1,5.865663,5.862519,5.868047
2022-10-26,96,1,5.864006,5.861796,5.869120
2022-10-27,96,1,5.864219,5.861596,5.868196
2022-10-28,96,1,5.864160,5.862540,5.866579
2022-10-29,96,1,5.864281,5.859751,5.868392
2022-10-30,96,1,5.863911,5.858192,5.870239
2022-10-31,96,1,5.864579,5.861238,5.869079
2022-11-01,96,1,5.864355,5.861417,5.868243
2022-11-02,96,1,5.865343,5.863079,5.868197
2022-11-03,96,1,5.865875,5.863516,5.867963
2022-11-04,96,1,5.864832,5.862452,5.867211
2022-11-05,96,1,5.864501,5.860395,5.866850
2022-11-06,96,1,5.863182,5.857042,5.869099
2022-11-07,96,1,5.865532,5.861577,5.868501
2022-11-08,96,1,5.864978,5.862740,5.867284
2022-11-09,96,1,5.865049,5.861191,5.868020
2022-11-10,96,1,5.865370,5.862077,5.868441
2022-11-11,96,1,5.864585,5.862612,5.867123
2022-11-12,96,1,5.864004,5.861201,5.868275
2022-11-13,96,1,5.864122,5.858234,5.869136
2022-11-14,96,1,5.864071,5.858921,5.869546
2022-11-15,96,1,5.865120,5.861806,5.868947
2022-11-16,96,1,5.866721,5.861087,5.871921
2022-11-17,96,1,5.865241,5.861466,5.868624
2022-11-18,96,1,5.866971,5.860423,5.871645
2022-11-19,96,1,5.865296,5.861202,5.867171
2022-11-20,96,1,5.865794,5.858370,5.873932
2022-11-21,96,1,5.864702,5.862088,5.867810
2022-11-22,96,1,5.864634,5.862112,5.868398
2022-11-23,96,1,5.864481,5.859712,5.869495
2022-11-24,79,0,5.864838,5.859152,5.870955
2022-11-25,37,0,5.863360,5.858891,5.867943
2022-11-26,96,1,5.865375,5.860558,5.868332
2022-11-27,96,1,5.864664,5.855386,5.874464
2022-11-28,96,1,5.865567,5.857163,5.870179
2022-11-29,96,1,5.865661,5.860048,5.870697
2022-11-30,52,0,5.865091,5.862008,5.867994
2022-12-01,80,0,5.864604,5.860008,5.868377
2022-12-02,96,1,5.863853,5.860107,5.868882
2022-12-03,96,1,5.863795,5.859560,5.869117
2022-12-04,61,0,5.868947,5.860021,5.873554
2022-12-05,47,0,5.865972,5.857225,5.870513
2022-12-06,59,0,5.869712,5.857603,5.881043
2022-12-08,80,0,5.865057,5.860793,5.869007
2022-12-09,96,1,5.863658,5.858310,5.868124
2022-12-10,96,1,5.866069,5.862382,5.867155
2022-12-11,96,1,5.864758,5.863035,5.867196
2022-12-12,96,1,5.865168,5.864587,5.866174
2022-12-13,96,1,5.865776,5.862142,5.867799
2022-12-14,96,1,5.865347,5.862931,5.868133
2022-12-15,96,1,5.865462,5.860921,5.869591
2022-12-16,96,1,5.864725,5.860758,5.868645
2022-12-17,96,1,5.865140,5.860190,5.870103
2022-12-18,96,1,5.865079,5.859620,5.868656
2022-12-19,96,1,5.865629,5.861550,5.870333
2022-12-20,96,1,5.864842,5.860592,5.870107
2022-12-21,96,1,5.864135,5.861652,5.867446
2022-12-22,96,1,5.864752,5.861370,5.867785
2022-12-23,96,1,5.865220,5.862523,5.868006
2022-12-24,96,1,5.865141,5.862500,5.867498
2022-12-25,96,1,5.865159,5.864281,5.867608
2022-12-26,96,1,5.865512,5.863963,5.867781
2022-12-27,96,1,5.865254,5.861263,5.868836
2022-12-28,96,1,5.865586,5.862148,5.868699
2022-12-29,96,1,5.864810,5.861737,5.869390
2022-12-30,96,1,5.865247,5.859735,5.868890
2022-12-31,95,0,5.865000,5.855997,5.872164
2023-01-02,50,0,5.866643,5.856699,5.877197
2023-01-03,37,0,5.863264,5.857336,5.869931
2023-01-04,96,1,5.864187,5.853415,5.875578
2023-01-05,96,1,5.865404,5.853402,5.872053
2023-01-06,96,1,5.862657,5.855405,5.871873
2023-01-07,96,1,5.863822,5.857244,5.869625
2023-01-08,96,1,5.863847,5.859838,5.868320
2023-01-09,96,1,5.865910,5.860232,5.870186
2023-01-10,96,1,5.865477,5.861212,5.869156
2023-01-11,96,1,5.878129,5.866178,5.882495
2023-01-12,96,1,5.853953,5.845025,5.862437
2023-01-13,96,1,5.882157,5.871456,5.889305
2023-01-14,96,1,5.857265,5.851184,5.860462
2023-01-15,96,1,5.949598,5.908770,5.989021
2023-01-16,96,1,5.797731,5.759537,5.859068
2023-01-17,96,1,5.893666,5.883384,5.924995
2023-01-18,96,1,5.845729,5.840455,5.854686
2023-01-19,96,1,5.891048,5.881669,5.902179
2023-01-20,96,1,5.839874,5.750880,5.858223
2023-01-21,96,1,5.878335,5.866316,5.895070
2023-01-22,96,1,5.817423,5.800985,5.852500
2023-01-23,96,1,5.876709,5.867360,5.885328
2023-01-24,96,1,5.856725,5.845920,5.864619
2023-01-25,96,1,5.870532,5.864921,5.874070
2023-01-26,96,1,5.857350,5.847885,5.885616
2023-01-27,96,1,5.866492,5.863811,5.869585
2023-01-28,96,1,5.857782,5.850811,5.882523
2023-01-29,96,1,5.872799,5.859212,5.953510
2023-01-30,96,1,5.857205,5.848803,6.104368
2023-01-31,96,1,5.863430,5.854936,5.888127
2023-02-01,96,1,5.912148,5.798203,5.936511
2023-02-02,96,1,5.857611,5.838018,5.872012
2023-02-03,96,1,5.884589,5.827172,5.910721
2023-02-04,96,1,5.857381,5.842898,5.871476
2023-02-05,96,1,5.888632,5.828500,5.905873
2023-02-06,96,1,5.855743,5.841608,5.866001
2023-02-07,96,1,5.878794,5.865976,5.884358
2023-02-08,77,0,5.850697,5.845995,5.861321
2023-02-09,1,0,5.686576,5.686576,5.686576
2023-02-12,1,0,7.588563,7.588563,7.588563
2023-02-13,1,0,7.834810,7.834810,7.834810
2023-02-14,1,0,6.749734,6.749734,6.749734
2023-02-19,2,0,6.043914,6.038399,6.049429
2023-02-20,2,0,6.917547,6.909082,6.926011
2023-02-21,8,0,5.657636,5.614518,5.668784
2023-02-22,33,0,5.559909,5.532299,5.617562
2023-02-23,26,0,5.583335,5.569867,5.599581
2023-02-24,25,0,5.573532,5.545986,5.589152
2023-02-25,33,0,5.531608,5.493519,5.570886
2023-02-26,21,0,5.513976,5.501823,5.908959
2023-02-27,27,0,5.896327,5.696305,5.959289
2023-02-28,35,0,5.579551,5.531670,5.613320
2023-03-01,33,0,5.577388,5.544090,5.600556
2023-03-02,33,0,5.728544,5.652268,5.782812
2023-03-03,28,0,6.038966,5.986360,6.084858
2023-03-04,29,0,5.873221,5.841579,5.903758
2023-03-05,35,0,5.891694,5.845683,7.161268
2023-03-06,30,0,7.089156,5.892097,7.144592
2023-03-07,54,0,5.866142,5.859816,5.868680
2023-03-08,96,1,5.864593,5.860391,5.867946
2023-03-09,96,1,5.864305,5.861079,5.867390
2023-03-10,96,1,5.865529,5.862779,5.867897
2023-03-11,96,1,5.865202,5.862356,5.867539
2023-03-12,96,1,5.864676,5.862402,5.866524
2023-03-13,96,1,5.864903,5.861850,5.868438
2023-03-14,96,1,5.865993,5.863151,5.867977
2023-03-15,96,1,5.865519,5.862782,5.867508
2023-03-16,96,1,5.865794,5.862666,5.868282
2023-03-17,96,1,5.865467,5.862864,5.869134
2023-03-18,96,1,5.865051,5.862850,5.867979
2023-03-19,96,1,5.865172,5.863431,5.867695
2023-03-20,96,1,5.865762,5.861646,5.868990
2023-03-21,96,1,5.864317,5.862201,5.866316
2023-03-22,96,1,5.864650,5.863090,5.867413
2023-03-23,96,1,5.865177,5.863287,5.868263
2023-03-24,96,1,5.866690,5.864070,5.867988
2023-03-25,96,1,5.865076,5.862350,5.868440
2023-03-26,96,1,5.865817,5.860908,5.868487
2023-03-27,96,1,5.866119,5.861073,5.870020
2023-03-28,96,1,5.864934,5.862134,5.867109
2023-03-29,96,1,5.864709,5.863030,5.867362
2023-03-30,96,1,5.865607,5.861913,5.868515
2023-03-31,96,1,5.865333,5.862218,5.868060
2023-04-01,96,1,5.865596,5.863612,5.867515
2023-04-02,96,1,5.866585,5.860636,5.869238
2023-04-03,96,1,5.865015,5.862423,5.867423
2023-04-04,96,1,5.864614,5.862473,5.867131
2023-04-05,96,1,5.864979,5.862754,5.866957
2023-04-06,96,1,5.865295,5.863173,5.867419
2023-04-07,96,1,5.864878,5.862921,5.867697
2023-04-08,96,1,5.865104,5.863156,5.868236
2023-04-09,96,1,5.865388,5.861543,5.869842
2023-04-10,96,1,5.865716,5.862339,5.868496
2023-04-11,96,1,5.865452,5.863018,5.866890
2023-04-12,96,1,5.863946,5.862092,5.866199
2023-04-13,96,1,5.864908,5.863696,5.867676
2023-04-14,96,1,5.865120,5.862936,5.867402
2023-04-15,96,1,5.865072,5.863474,5.867951
2023-04-16,96,1,5.864327,5.861806,5.868047
2023-04-17,96,1,5.865763,5.862680,5.868202
2023-04-18,96,1,5.864821,5.862883,5.867371
2023-04-19,96,1,5.866271,5.863633,5.867189
2023-04-20,96,1,5.863815,5.862246,5.866639
2023-04-21,96,1,5.864727,5.862636,5.866638
2023-04-22,96,1,5.865454,5.858704,5.879078
2023-04-23,96,1,5.864979,5.862978,5.866813
2023-04-24,96,1,5.865731,5.863995,5.869251
2023-04-25,96,1,5.866276,5.863861,5.867712
2023-04-26,96,1,5.865853,5.864152,5.867077
2023-04-27,96,1,5.865260,5.863338,5.867449
2023-04-28,96,1,5.865002,5.863161,5.866854
2023-04-29,96,1,5.865690,5.863642,5.867273
2023-04-30,96,1,5.864945,5.862624,5.866840
2023-05-01,95,0,5.865057,5.862573,5.867892
2023-05-02,96,1,5.864012,5.860708,5.865532
2023-05-03,96,1,5.865559,5.862216,5.867879
2023-05-04,96,1,5.864876,5.862804,5.867068
2023-05-05,96,1,5.865721,5.863895,5.867078
2023-05-06,96,1,5.864619,5.863186,5.866580
2023-05-07,96,1,5.864615,5.861615,5.867159
2023-05-08,96,1,5.865855,5.863484,5.868146
2023-05-09,96,1,5.864275,5.862009,5.867264
2023-05-10,96,1,5.864363,5.862591,5.866449
2023-05-11,96,1,5.864595,5.863147,5.867168
2023-05-12,71,0,5.865076,5.863609,5.867655
2023-05-24,26,0,5.865870,5.862891,5.866357
2023-05-25,96,1,5.864322,5.863049,5.867017
2023-05-26,96,1,5.865018,5.862936,5.866600
2023-05-27,96,1,5.864956,5.862853,5.866912
2023-05-28,96,1,5.864936,5.862384,5.868097
2023-05-29,96,1,5.865993,5.863306,5.867326
2023-05-30,96,1,5.865363,5.863737,5.866902
2023-05-31,96,1,5.865489,5.863823,5.867521
2023-06-01,96,1,5.864011,5.862798,5.866112
2023-06-02,96,1,5.864387,5.863353,5.866917
2023-06-03,96,1,5.865892,5.863499,5.867294
2023-06-04,96,1,5.863167,5.860313,5.867187
2023-06-05,96,1,5.864730,5.861527,5.867497
2023-06-06,96,1,5.865273,5.863502,5.867186
2023-06-07,96,1,5.864426,5.862843,5.867268
2023-06-08,96,1,5.865759,5.861903,5.868829
2023-06-09,96,1,5.864289,5.862418,5.868337
2023-06-10,96,1,5.866217,5.863667,5.867354
2023-06-11,96,1,5.864665,5.862637,5.867275
2023-06-12,96,1,5.863910,5.862531,5.867099
2023-06-13,96,1,5.863467,5.862934,5.866042
2023-06-14,96,1,5.865431,5.863406,5.867257
2023-06-15,96,1,5.864994,5.863126,5.866898
2023-06-16,96,1,5.865415,5.862694,5.867091
2023-06-17,96,1,5.864229,5.862168,5.866413
2023-06-18,96,1,5.865687,5.861540,5.867844
2023-06-19,96,1,5.864976,5.862162,5.868725
2023-06-20,96,1,5.864453,5.862574,5.866910
2023-06-21,96,1,5.864530,5.862190,5.867641
2023-06-22,96,1,5.865217,5.862764,5.867641
2023-06-23,96,1,5.864936,5.862044,5.868138
2023-06-24,96,1,5.865690,5.863224,5.868108
2023-06-25,96,1,5.864853,5.862799,5.867554
2023-06-26,96,1,5.865849,5.863191,5.868293
2023-06-27,96,1,5.864769,5.862782,5.866241
2023-06-28,96,1,5.864202,5.863006,5.866156
2023-06-29,96,1,5.864972,5.862154,5.867558
2023-06-30,96,1,5.866106,5.863819,5.868040
2023-07-01,96,1,5.864622,5.862609,5.867298
2023-07-02,96,1,5.867349,5.861774,5.870214
2023-07-03,96,1,5.865049,5.861499,5.869067
2023-07-04,96,1,5.864960,5.862617,5.867122
2023-07-05,96,1,5.866395,5.862813,5.868086
2023-07-06,96,1,5.864776,5.862373,5.867773
2023-07-07,96,1,5.865091,5.863296,5.867283
2023-07-08,96,1,5.866101,5.862182,5.868491
2023-07-09,96,1,5.864791,5.860516,5.868106
2023-07-10,96,1,5.866068,5.862337,5.868630
2023-07-11,96,1,5.864201,5.861416,5.866921
2023-07-12,96,1,5.864501,5.862328,5.868145
2023-07-13,96,1,5.864520,5.863118,5.869156
2023-07-14,96,1,5.865303,5.861406,5.867394
2023-07-15,96,1,5.865375,5.862172,5.868596
2023-07-16,96,1,5.864663,5.861357,5.867638
2023-07-17,96,1,5.866287,5.860879,5.870195
2023-07-18,96,1,5.865556,5.862538,5.868645
2023-07-19,96,1,5.865984,5.861423,5.869350
2023-07-20,96,1,5.865010,5.861118,5.870554
2023-07-21,96,1,5.867876,5.862477,5.869515
2023-07-22,96,1,5.867878,5.865195,5.869314
2023-07-23,96,1,5.864348,5.862222,5.867881
2023-07-24,96,1,5.866058,5.862749,5.868092
2023-07-25,96,1,5.865476,5.863039,5.867127
2023-07-26,96,1,5.864820,5.862940,5.867212
2023-07-27,96,1,5.863599,5.861149,5.868466
2023-07-28,96,1,5.865701,5.863830,5.868040
2023-07-29,96,1,5.865797,5.863163,5.868661
2023-07-30,96,1,5.865112,5.862586,5.867838
2023-07-31,96,1,5.864902,5.862247,5.868849
2023-08-01,96,1,5.865222,5.861567,5.869545
2023-08-02,96,1,5.865204,5.862865,5.868167
2023-08-03,96,1,5.865300,5.863006,5.867791
2023-08-04,96,1,5.866076,5.862614,5.868989
2023-08-05,96,1,5.865261,5.863279,5.867478
2023-08-06,96,1,5.864760,5.862216,5.867956
2023-08-07,96,1,5.862975,5.862074,5.865901
2023-08-08,96,1,5.866667,5.864160,5.868350
2023-08-09,96,1,5.865817,5.863200,5.867374
2023-08-10,96,1,5.864949,5.862511,5.867133
2023-08-11,96,1,5.866821,5.863772,5.868261
2023-08-12,96,1,5.865284,5.863731,5.867344
2023-08-13,96,1,5.865797,5.861606,5.869949
2023-08-14,96,1,5.864332,5.861606,5.868193
2023-08-15,96,1,5.866333,5.862444,5.867957
2023-08-16,96,1,5.865588,5.862058,5.868288
2023-08-17,96,1,5.865060,5.862001,5.869323
2023-08-18,96,1,5.863675,5.861465,5.866224
2023-08-19,66,0,5.863691,5.861370,5.869080
2023-08-20,37,0,5.866878,5.861467,5.869854
2023-08-21,96,1,5.866183,5.858669,5.869941
2023-08-22,96,1,5.863855,5.860980,5.869354
2023-08-23,96,1,5.865721,5.861696,5.868267
2023-08-24,96,1,5.865362,5.863281,5.867577
2023-08-25,96,1,5.865154,5.862495,5.867668
2023-08-26,96,1,5.864325,5.862094,5.867618
2023-08-27,96,1,5.865672,5.860248,5.869829
2023-08-28,96,1,5.863817,5.859577,5.868067
2023-08-29,96,1,5.865811,5.863346,5.867590
2023-08-30,96,1,5.864859,5.862045,5.868263
2023-08-31,96,1,5.865323,5.862601,5.867839
2023-09-01,96,1,5.865923,5.863436,5.868849
2023-09-02,96,1,5.864342,5.861353,5.867461
2023-09-03,96,1,5.864382,5.860117,5.870129
2023-09-04,96,1,5.865411,5.860958,5.869776
2023-09-05,96,1,5.864920,5.860411,5.871188
2023-09-06,96,1,5.864242,5.861256,5.869345
2023-09-07,96,1,5.865073,5.861316,5.869339
2023-09-08,96,1,5.864715,5.862179,5.869309
2023-09-09,96,1,5.865370,5.863092,5.867419
2023-09-10,96,1,5.865220,5.862184,5.867681
2023-09-11,96,1,5.865233,5.861889,5.868682
2023-09-12,96,1,5.864616,5.862125,5.867406
2023-09-13,96,1,5.864833,5.863134,5.866746
2023-09-14,96,1,5.865624,5.863605,5.867191
2023-09-15,96,1,5.865038,5.863690,5.866785
2023-09-16,96,1,5.865831,5.862582,5.868410
2023-09-17,96,1,5.865135,5.862901,5.867349
2023-09-18,96,1,5.864966,5.862979,5.867229
2023-09-19,96,1,5.864759,5.863438,5.866720
2023-09-20,96,1,5.864816,5.863581,5.865515
2023-09-21,96,1,5.865776,5.863729,5.867202
2023-09-22,96,1,5.864816,5.863125,5.866639
2023-09-23,96,1,5.865283,5.863943,5.866146
2023-09-24,96,1,5.865188,5.863474,5.867077
2023-09-25,96,1,5.864922,5.862693,5.867562
2023-09-26,96,1,5.863924,5.862933,5.866376
2023-09-27,96,1,5.865314,5.863347,5.867205
2023-09-28,96,1,5.865455,5.864257,5.868156
2023-09-29,96,1,5.865455,5.863231,5.866728
2023-09-30,96,1,5.864721,5.863864,5.866354
2023-10-01,96,1,5.865222,5.861722,5.868313
2023-10-02,96,1,5.865429,5.861611,5.868118
2023-10-03,96,1,5.865183,5.863318,5.866611
2023-10-04,96,1,5.864625,5.863338,5.866606
2023-10-05,96,1,5.865896,5.864427,5.866527
2023-10-06,96,1,5.865425,5.862707,5.866932
2023-10-07,96,1,5.865747,5.863651,5.866936
2023-10-08,96,1,5.865050,5.863049,5.868415
2023-10-09,96,1,5.864937,5.861573,5.868350
2023-10-10,96,1,5.864757,5.862637,5.867490
2023-10-11,96,1,5.864873,5.862209,5.867018
2023-10-12,96,1,5.864948,5.863391,5.866935
2023-10-13,96,1,5.864857,5.862859,5.867204
2023-10-14,96,1,5.865002,5.862610,5.866988
2023-10-15,96,1,5.863415,5.860644,5.868237
2023-10-16,96,1,5.864251,5.862011,5.867039
2023-10-17,96,1,5.865304,5.862269,5.867678
2023-10-18,96,1,5.865188,5.862715,5.868676
2023-10-19,96,1,5.864399,5.862167,5.866865
2023-10-20,96,1,5.864670,5.862975,5.867332
2023-10-21,96,1,5.864587,5.861781,5.868594
2023-10-22,96,1,5.865092,5.862926,5.868929
2023-10-23,96,1,5.866606,5.862209,5.868889
2023-10-24,96,1,5.865759,5.862262,5.868143
2023-10-25,96,1,5.865693,5.863351,5.868291
2023-10-26,96,1,5.865511,5.863407,5.867926
2023-10-27,96,1,5.866004,5.863222,5.868382
2023-10-28,96,1,5.865310,5.862338,5.867965
2023-10-29,96,1,5.864854,5.863035,5.870697
2023-10-30,96,1,5.866017,5.861176,5.869700
2023-10-31,96,1,5.865359,5.863102,5.867892
2023-11-01,96,1,5.864355,5.860297,5.868279
2023-11-02,96,1,5.865933,5.863360,5.868012
2023-11-03,96,1,5.864391,5.862066,5.868721
2023-11-04,96,1,5.865110,5.862828,5.868142
2023-11-05,96,1,5.867712,5.860498,5.872375
2023-11-06,96,1,5.865863,5.861707,5.869018
2023-11-07,96,1,5.865000,5.861272,5.868812
2023-11-08,96,1,5.865588,5.862749,5.870142
2023-11-09,96,1,5.865367,5.861954,5.868598
2023-11-10,96,1,5.865258,5.861463,5.867404
2023-11-11,96,1,5.865129,5.862406,5.867863
2023-11-12,96,1,5.867488,5.861865,5.869331
2023-11-13,96,1,5.864431,5.862350,5.867669
2023-11-14,96,1,5.864688,5.862278,5.867696
2023-11-15,96,1,5.865668,5.862444,5.868203
2023-11-16,96,1,5.864793,5.861983,5.868407
2023-11-17,96,1,5.864071,5.862051,5.867089
2023-11-18,96,1,5.865155,5.860868,5.869573
2023-11-19,96,1,5.866066,5.861809,5.872355
2023-11-20,96,1,5.865728,5.862474,5.868671
2023-11-21,96,1,5.865529,5.861899,5.869919
2023-11-22,96,1,5.864291,5.860587,5.868112
2023-11-23,78,0,5.864861,5.861510,5.870805
2023-11-24,38,0,5.867437,5.859809,5.870285
2023-11-25,96,1,5.864441,5.859144,5.868812
2023-11-26,96,1,5.865640,5.860069,5.872884
2023-11-27,96,1,5.864040,5.862193,5.867793
2023-11-28,96,1,5.866057,5.862715,5.868452
2023-11-29,96,1,5.866104,5.863533,5.869825
2023-11-30,96,1,5.865303,5.860327,5.870421
2023-12-01,96,1,5.863860,5.859864,5.868498
2023-12-02,96,1,5.865319,5.860541,5.868948
2023-12-03,96,1,5.865032,5.863312,5.866541
2023-12-04,96,1,5.865360,5.861198,5.871411
2023-12-05,96,1,5.865832,5.864005,5.867335
2023-12-06,96,1,5.868013,5.860572,5.870629
2023-12-07,96,1,5.863893,5.857359,5.869291
2023-12-08,96,1,5.865918,5.861754,5.870219
2023-12-09,96,1,5.864331,5.859749,5.869342
2023-12-10,96,1,5.865835,5.862012,5.868102
2023-12-11,96,1,5.865832,5.862905,5.867387
2023-12-12,96,1,5.863643,5.860165,5.869416
2023-12-13,96,1,5.866714,5.861742,5.869260
2023-12-14,96,1,5.866472,5.861971,5.869790
2023-12-15,96,1,5.864003,5.859808,5.867908
2023-12-16,96,1,5.864701,5.858432,5.870947
2023-12-17,96,1,5.864509,5.853167,5.873967
2023-12-18,96,1,5.866724,5.860752,5.869918
2023-12-19,96,1,5.865290,5.862868,5.870305
2023-12-20,96,1,5.865479,5.863127,5.868971
2023-12-21,96,1,5.864441,5.856221,5.872817
2023-12-22,85,0,5.864441,5.859012,5.872775
2023-12-28,42,0,5.862025,5.854976,5.868282
2023-12-29,93,0,5.867337,5.863250,5.874365
2023-12-30,42,0,5.864035,5.859609,5.868275
2023-12-31,44,0,5.863814,5.862480,5.866483
2024-01-01,2,0,5.860919,5.860919,5.860919
2024-01-02,1,0,13.536209,13.536209,13.536209
2024-01-03,14,0,9.594501,6.843197,12.308745
2024-01-04,23,0,8.484743,8.453678,8.518864
2024-01-05,3,0,11.989286,11.945369,12.382635
2024-01-06,28,0,11.619009,7.896065,11.666452
2024-01-07,16,0,7.743036,7.581271,8.166290
2024-01-08,24,0,7.815935,7.796167,8.835713
2024-01-09,19,0,7.237564,7.135461,7.412964
2024-01-10,29,0,6.068456,5.885007,6.107823
2024-01-11,27,0,6.618750,6.283963,6.717481
2024-01-12,22,0,6.217748,6.021561,7.839556
2024-01-13,26,0,7.158465,6.213577,7.995291
2024-01-14,27,0,7.895588,7.741982,8.074807
2024-01-15,55,0,5.865676,5.862955,5.870571
2024-01-16,96,1,5.866481,5.862204,5.868812
2024-01-17,93,0,5.864813,5.862522,5.867885
2024-01-18,96,1,5.866502,5.861395,5.869108
2024-01-19,96,1,5.865509,5.861875,5.867487
2024-01-20,90,0,5.864856,5.860496,5.868677
2024-01-21,23,0,6.601039,6.555014,8.311342
2024-01-22,14,0,9.166658,9.135721,9.209225
2024-01-29,7,0,6.456096,6.361000,6.478571
2024-01-30,19,0,6.191321,6.159897,6.516675
2024-01-31,50,0,5.873465,5.859453,6.060966
2024-02-01,96,1,5.860906,5.852953,5.877887
2024-02-02,53,0,5.866203,5.864145,5.867708
2024-02-03,96,1,5.861160,5.852452,5.867181
2024-02-04,96,1,5.864070,5.853397,5.871875
2024-02-05,96,1,5.865933,5.860593,5.870805
2024-02-06,96,1,5.866209,5.862119,5.867787
2024-02-07,96,1,5.866174,5.856147,5.874373
2024-02-08,96,1,5.864508,5.857746,5.867566
2024-02-09,41,0,5.865262,5.856630,5.873617
2024-02-10,96,1,5.866039,5.855749,5.874303
2024-02-11,93,0,5.867390,5.862311,5.874919
2024-02-12,55,0,5.867060,5.859103,5.871518
2024-02-13,96,1,5.865275,5.857089,5.874922
2024-02-14,96,1,5.864886,5.857735,5.871959
2024-02-15,96,1,5.864815,5.855817,5.869581
2024-02-16,96,1,5.864738,5.860635,5.868632
2024-02-17,96,1,5.863743,5.861961,5.868256
2024-02-18,96,1,5.865115,5.858292,5.870646
2024-02-19,96,1,5.866374,5.862180,5.869440
2024-02-20,96,1,5.865301,5.863054,5.867514
2024-02-21,96,1,5.864621,5.862894,5.866331
2024-02-22,96,1,5.866086,5.863268,5.867849
2024-02-23,96,1,5.864843,5.862917,5.866506
2024-02-24,96,1,5.866902,5.864050,5.868894
2024-02-25,96,1,5.863928,5.856671,5.874143
2024-02-26,96,1,5.864742,5.860272,5.868160
2024-02-27,96,1,5.865778,5.863107,5.867630
2024-02-28,96,1,5.865396,5.862723,5.867588
2024-02-29,96,1,5.866086,5.863914,5.868386
2024-03-01,16,0,5.864049,5.862287,5.866582
2024-03-05,38,0,5.865253,5.864082,5.867890
2024-03-06,96,1,5.865878,5.862818,5.867279
2024-03-07,96,1,5.864802,5.863154,5.867014
2024-03-08,96,1,5.865140,5.864503,5.867121
2024-03-09,96,1,5.865343,5.863673,5.867134
2024-03-10,96,1,5.865060,5.861968,5.867907
2024-03-11,96,1,5.865162,5.862799,5.867338
2024-03-12,96,1,5.866319,5.863777,5.868004
2024-03-13,96,1,5.865117,5.862936,5.867093
2024-03-14,96,1,5.865586,5.864425,5.866860
2024-03-15,96,1,5.864581,5.863147,5.866844
2024-03-16,96,1,5.864682,5.863062,5.867732
2024-03-17,96,1,5.865670,5.860714,5.868404
2024-03-18,96,1,5.865678,5.862397,5.868009
2024-03-19,96,1,5.865480,5.863240,5.868433
2024-03-20,96,1,5.865187,5.864087,5.867435
2024-03-21,96,1,5.865538,5.862144,5.867929
2024-03-22,96,1,5.864213,5.862519,5.866757
2024-03-23,96,1,5.866274,5.862780,5.869658
2024-03-24,96,1,5.865394,5.862726,5.870681
2024-03-25,96,1,5.865068,5.861729,5.868566
2024-03-26,96,1,5.864637,5.863412,5.867800
2024-03-27,96,1,5.865324,5.863276,5.867291
2024-03-28,96,1,5.864579,5.863237,5.867215
2024-03-29,96,1,5.864529,5.863101,5.866693
2024-03-30,96,1,5.865563,5.863133,5.867807
2024-03-31,96,1,5.865472,5.861922,5.869268
2024-04-01,96,1,5.864875,5.861178,5.869848
2024-04-02,96,1,5.865022,5.853966,5.875950
2024-04-03,96,1,5.867192,5.862771,5.870264
2024-04-04,96,1,5.863747,5.859923,5.869829
2024-04-05,96,1,5.867116,5.861532,5.871880
2024-04-06,96,1,5.865720,5.859209,5.868858
2024-04-07,96,1,5.864937,5.861244,5.870378
2024-04-08,96,1,5.865187,5.862258,5.868303
2024-04-09,96,1,5.865797,5.862404,5.867945
2024-04-10,96,1,5.864873,5.862912,5.867001
2024-04-11,96,1,5.865016,5.862777,5.867139
2024-04-12,96,1,5.865476,5.863300,5.866837
2024-04-13,96,1,5.863612,5.862984,5.867741
2024-04-14,96,1,5.866519,5.862807,5.868311
2024-04-15,96,1,5.864626,5.861457,5.868701
2024-04-16,96,1,5.864530,5.863073,5.866705
2024-04-17,96,1,5.865184,5.863993,5.866930
2024-04-18,96,1,5.865566,5.863847,5.866889
2024-04-19,96,1,5.865247,5.863834,5.867085
2024-04-20,96,1,5.865959,5.863506,5.867778
2024-04-21,96,1,5.865542,5.863683,5.867949
2024-04-22,96,1,5.865989,5.862608,5.867729
2024-04-23,96,1,5.865639,5.863134,5.867523
2024-04-24,96,1,5.865312,5.863516,5.866864
2024-04-25,96,1,5.865112,5.863631,5.866661
2024-04-26,96,1,5.865570,5.863543,5.867561
2024-04-27,96,1,5.865784,5.863509,5.868046
2024-04-28,96,1,5.865486,5.861036,5.868103
2024-04-29,96,1,5.865109,5.862775,5.866637
2024-04-30,96,1,5.865860,5.863109,5.867315
2024-05-01,96,1,5.865202,5.863233,5.867122
2024-05-02,96,1,5.865817,5.863334,5.866624
2024-05-03,96,1,5.865638,5.864604,5.866848
2024-05-04,96,1,5.865407,5.863916,5.866998
2024-05-05,96,1,5.864972,5.862622,5.867305
2024-05-06,96,1,5.865009,5.862880,5.867363
2024-05-07,96,1,5.865896,5.864132,5.866364
2024-05-08,96,1,5.865643,5.861846,5.869465
2024-05-09,96,1,5.863789,5.861093,5.867008
2024-05-10,96,1,5.865796,5.863164,5.867875
2024-05-11,96,1,5.865371,5.862987,5.867671
2024-05-12,96,1,5.866184,5.860933,5.870349
2024-05-13,96,1,5.865497,5.862600,5.868850
2024-05-14,96,1,5.865446,5.863371,5.867822
2024-05-15,96,1,5.865077,5.863414,5.866966
2024-05-16,96,1,5.865265,5.863514,5.867086
2024-05-17,96,1,5.865976,5.863336,5.867586
2024-05-18,96,1,5.866062,5.863491,5.867860
2024-05-19,96,1,5.865097,5.862334,5.868117
2024-05-20,96,1,5.864659,5.862642,5.867610
2024-05-21,96,1,5.865125,5.863700,5.867698
2024-05-22,96,1,5.864754,5.863396,5.868248
2024-05-23,96,1,5.865535,5.863542,5.867386
2024-05-24,96,1,5.864876,5.860939,5.868124
2024-05-25,96,1,5.865069,5.862903,5.869163
2024-05-26,96,1,5.864902,5.862674,5.867473
2024-05-27,96,1,5.865175,5.862226,5.868560
2024-05-28,96,1,5.865203,5.862923,5.867205
2024-05-29,96,1,5.864827,5.864031,5.866647
2024-05-30,96,1,5.865370,5.863149,5.867403
2024-05-31,96,1,5.865414,5.862927,5.867384
2024-06-01,96,1,5.865315,5.863162,5.866813
2024-06-02,96,1,5.865563,5.862024,5.868370
2024-06-03,96,1,5.865347,5.863189,5.868569
2024-06-04,96,1,5.866427,5.863549,5.867724
2024-06-05,96,1,5.864994,5.862830,5.866754
2024-06-06,96,1,5.864547,5.863353,5.865909
2024-06-07,96,1,5.864852,5.861688,5.867982
2024-06-08,96,1,5.865105,5.862729,5.867902
2024-06-09,96,1,5.864578,5.862385,5.868261
2024-06-10,96,1,5.864598,5.861979,5.867209
2024-06-11,96,1,5.865318,5.863626,5.867362
2024-06-12,96,1,5.865253,5.863476,5.867363
2024-06-13,96,1,5.865565,5.863421,5.867779
2024-06-14,96,1,5.865566,5.863024,5.867509
2024-06-15,96,1,5.864431,5.862046,5.866811
2024-06-16,96,1,5.864688,5.861036,5.868666
2024-06-17,96,1,5.865464,5.861405,5.868475
2024-06-18,96,1,5.865106,5.862602,5.867350
2024-06-19,96,1,5.865121,5.862636,5.867617
2024-06-20,96,1,5.865013,5.862959,5.868630
2024-06-21,96,1,5.865936,5.863567,5.867929
2024-06-22,96,1,5.863460,5.862421,5.867032
2024-06-23,96,1,5.866808,5.862392,5.869380
2024-06-24,96,1,5.864722,5.861995,5.867729
2024-06-25,96,1,5.865974,5.863387,5.868014
2024-06-26,96,1,5.864650,5.862670,5.867478
2024-06-27,96,1,5.864950,5.863601,5.867109
2024-06-28,96,1,5.865119,5.863129,5.867535
2024-06-29,96,1,5.864944,5.863246,5.866281
2024-06-30,96,1,5.865357,5.860812,5.868736
2024-07-01,96,1,5.865519,5.861211,5.868870
2024-07-02,96,1,5.864832,5.862155,5.867414
2024-07-03,96,1,5.864444,5.862948,5.867102
2024-07-04,96,1,5.864454,5.862814,5.867084
2024-07-05,96,1,5.865575,5.863567,5.868131
2024-07-06,96,1,5.864302,5.862046,5.866711
2024-07-07,96,1,5.863721,5.861883,5.866465
2024-07-08,96,1,5.866198,5.863759,5.868201
2024-07-09,96,1,5.864605,5.862377,5.866612
2024-07-10,96,1,5.866970,5.863738,5.868737
2024-07-11,96,1,5.865203,5.863048,5.867335
2024-07-12,96,1,5.864730,5.862569,5.868497
2024-07-13,96,1,5.863645,5.861720,5.867244
2024-07-14,96,1,5.863319,5.859219,5.868491
2024-07-15,96,1,5.864188,5.860184,5.869514
2024-07-16,96,1,5.865305,5.862729,5.867577
2024-07-17,96,1,5.865126,5.862122,5.868172
2024-07-18,96,1,5.864948,5.862227,5.868565
2024-07-19,96,1,5.865511,5.862574,5.867640
2024-07-20,96,1,5.865395,5.863071,5.867453
2024-07-21,96,1,5.862845,5.861766,5.865734
2024-07-22,96,1,5.865489,5.862771,5.867452
2024-07-23,96,1,5.865196,5.862005,5.868327
2024-07-24,96,1,5.864849,5.863070,5.867291
2024-07-25,96,1,5.864505,5.861919,5.867208
2024-07-26,30,0,5.863903,5.858945,5.867623
2024-07-30,56,0,5.864309,5.862706,5.866561
2024-07-31,96,1,5.865130,5.863190,5.867147
2024-08-01,96,1,5.865431,5.863337,5.867216
2024-08-02,96,1,5.865555,5.863032,5.867018
2024-08-03,96,1,5.865283,5.863502,5.867229
2024-08-04,96,1,5.866774,5.862039,5.870443
2024-08-05,96,1,5.866053,5.861241,5.870011
2024-08-06,96,1,5.865514,5.863163,5.867272
2024-08-07,96,1,5.864946,5.862676,5.867836
2024-08-08,96,1,5.864502,5.863814,5.866401
2024-08-09,96,1,5.865164,5.862408,5.868767
2024-08-10,96,1,5.864069,5.861995,5.867393
2024-08-11,96,1,5.865034,5.862765,5.868122
2024-08-12,96,1,5.866119,5.861950,5.868810
2024-08-13,96,1,5.865781,5.860945,5.868500
2024-08-14,96,1,5.866122,5.862333,5.868356
2024-08-15,96,1,5.865035,5.863462,5.867951
2024-08-16,96,1,5.866688,5.861766,5.869788
2024-08-17,96,1,5.864511,5.860527,5.869144
2024-08-18,96,1,5.864484,5.861675,5.868712
2024-08-19,96,1,5.866268,5.864107,5.868930
2024-08-20,96,1,5.865547,5.863498,5.867254
2024-08-21,96,1,5.866015,5.862987,5.868140
2024-08-22,96,1,5.864667,5.859144,5.866921
2024-08-23,96,1,5.865439,5.863183,5.867840
2024-08-24,96,1,5.866174,5.863615,5.868427
2024-08-25,96,1,5.864200,5.861607,5.870130
2024-08-26,96,1,5.864672,5.863035,5.866969
2024-08-27,96,1,5.865078,5.862985,5.867909
2024-08-28,96,1,5.866128,5.862933,5.867222
2024-08-29,96,1,5.864206,5.863031,5.866378
2024-08-30,96,1,5.865592,5.862377,5.868396
2024-08-31,96,1,5.864989,5.861924,5.868647
2024-09-01,96,1,5.864687,5.860650,5.869313
2024-09-02,96,1,5.866680,5.863140,5.869312
2024-09-03,96,1,5.865053,5.861493,5.867362
2024-09-04,96,1,5.863991,5.862140,5.868523
2024-09-05,96,1,5.866171,5.863059,5.868682
2024-09-06,96,1,5.865508,5.863118,5.867459
2024-09-07,96,1,5.865310,5.863282,5.867052
2024-09-08,96,1,5.862834,5.861017,5.866558
2024-09-09,96,1,5.865258,5.863101,5.867961
2024-09-10,96,1,5.864630,5.862950,5.866594
2024-09-11,96,1,5.864942,5.863274,5.866768
2024-09-12,96,1,5.865188,5.863261,5.867257
2024-09-13,96,1,5.864722,5.862228,5.867434
2024-09-14,96,1,5.865863,5.864669,5.868497
2024-09-15,96,1,5.865323,5.864146,5.867143
2024-09-16,96,1,5.864872,5.861797,5.867596
2024-09-17,96,1,5.865344,5.863753,5.867199
2024-09-18,96,1,5.865449,5.863496,5.867433
2024-09-19,96,1,5.865565,5.863542,5.867039
2024-09-20,96,1,5.865714,5.863598,5.866954
2024-09-21,96,1,5.865115,5.862928,5.867212
2024-09-22,96,1,5.865618,5.862871,5.867512
2024-09-23,96,1,5.864660,5.862149,5.867161
2024-09-24,96,1,5.864914,5.863430,5.867034
2024-09-25,96,1,5.865184,5.862876,5.867232
2024-09-26,96,1,5.865005,5.862789,5.867116
2024-09-27,96,1,5.865244,5.863619,5.867164
2024-09-28,96,1,5.865413,5.863696,5.866415
2024-09-29,96,1,5.865818,5.864077,5.866956
2024-09-30,96,1,5.865758,5.863024,5.868076
2024-10-01,95,0,5.864573,5.862617,5.868127
2024-10-02,96,1,5.865080,5.863212,5.866383
2024-10-03,96,1,5.864691,5.863622,5.866066
2024-10-04,96,1,5.866047,5.863792,5.867621
2024-10-05,96,1,5.865513,5.863130,5.867086
2024-10-06,96,1,5.865523,5.863268,5.867077
2024-10-07,96,1,5.864672,5.862262,5.867519
2024-10-08,96,1,5.863989,5.862357,5.866365
2024-10-09,96,1,5.866352,5.863627,5.868030
2024-10-10,96,1,5.864227,5.862512,5.866486
2024-10-11,96,1,5.865227,5.862970,5.867402
2024-10-12,96,1,5.865166,5.863254,5.867643
2024-10-13,96,1,5.865429,5.862438,5.867970
2024-10-14,96,1,5.864886,5.861641,5.867550
2024-10-15,96,1,5.864973,5.863529,5.867420
2024-10-16,96,1,5.865877,5.862960,5.867519
2024-10-17,96,1,5.863940,5.862863,5.867091
2024-10-18,96,1,5.865491,5.862226,5.867191
2024-10-19,96,1,5.865612,5.862603,5.868735
2024-10-20,96,1,5.864439,5.860783,5.870458
2024-10-21,96,1,5.864976,5.860902,5.869432
2024-10-22,96,1,5.865763,5.862949,5.868116
2024-10-23,96,1,5.864320,5.862415,5.865934
2024-10-24,96,1,5.866173,5.863352,5.866944
2024-10-25,96,1,5.864399,5.862074,5.866900
2024-10-26,96,1,5.866280,5.863195,5.868725
2024-10-27,96,1,5.865467,5.861387,5.869676
2024-10-28,96,1,5.864761,5.860557,5.869550
2024-10-29,96,1,5.865659,5.862813,5.868358
2024-10-30,96,1,5.865382,5.863193,5.867097
2024-10-31,96,1,5.864943,5.860057,5.868900
2024-11-01,96,1,5.865831,5.861484,5.869297
2024-11-02,96,1,5.865639,5.862546,5.867715
2024-11-03,96,1,5.867079,5.857343,5.872254
2024-11-04,96,1,5.865077,5.859799,5.870378
2024-11-05,96,1,5.863548,5.861067,5.866864
2024-11-06,96,1,5.866153,5.859769,5.870565
2024-11-07,96,1,5.864440,5.860647,5.869982
2024-11-08,96,1,5.866257,5.862479,5.869874
2024-11-09,96,1,5.865374,5.862285,5.868289
2024-11-10,96,1,5.864578,5.861490,5.868723
2024-11-11,96,1,5.865454,5.861368,5.868908
2024-11-12,96,1,5.865281,5.861108,5.869181
2024-11-13,96,1,5.864766,5.860976,5.868040
2024-11-14,96,1,5.865520,5.862162,5.868476
2024-11-15,96,1,5.865298,5.862854,5.869178
2024-11-16,96,1,5.865100,5.862930,5.867948
2024-11-17,96,1,5.865248,5.861433,5.869977
2024-11-18,96,1,5.866759,5.862599,5.870622
2024-11-19,95,0,5.863657,5.861192,5.866204
2024-11-20,95,0,5.865807,5.863238,5.870566
2024-11-21,96,1,5.865287,5.862879,5.868086
2024-11-22,96,1,5.865851,5.861798,5.870425
2024-11-23,96,1,5.864544,5.861617,5.870381
2024-11-24,96,1,5.864474,5.861183,5.870294
2024-11-25,96,1,5.866848,5.860221,5.869931
2024-11-26,96,1,5.865129,5.862186,5.868915
2024-11-27,96,1,5.862766,5.859903,5.867263
2024-11-28,96,1,5.861074,5.853780,5.874016
2024-11-29,96,1,5.865546,5.856269,5.873640
2024-11-30,96,1,5.864846,5.860954,5.869643
2024-12-01,96,1,5.861849,5.855502,5.869029
2024-12-02,96,1,5.865995,5.859916,5.869755
2024-12-03,96,1,5.863947,5.860877,5.868715
2024-12-04,96,1,5.866680,5.860484,5.868217
2024-12-05,96,1,5.867050,5.862196,5.870405
2024-12-06,96,1,5.865862,5.861952,5.868627
2024-12-07,96,1,5.866167,5.862425,5.868812
2024-12-08,96,1,5.866450,5.862523,5.872623
2024-12-09,96,1,5.866670,5.862590,5.868127
2024-12-10,96,1,5.864697,5.861603,5.868322
2024-12-11,96,1,5.865595,5.862887,5.868707
2024-12-12,96,1,5.864484,5.856202,5.872303
2024-12-13,96,1,5.863889,5.860179,5.870088
2024-12-14,96,1,5.864624,5.860801,5.868153
2024-12-15,96,1,5.863676,5.860368,5.869485
2024-12-16,96,1,5.865529,5.861873,5.870827
2024-12-17,96,1,5.864014,5.860206,5.869957
2024-12-18,96,1,5.866469,5.863048,5.871163
2024-12-19,96,1,5.865894,5.861042,5.870445
2024-12-20,96,1,5.864216,5.860592,5.868747
2024-12-21,96,1,5.864791,5.861194,5.868171
2024-12-22,96,1,5.865192,5.862058,5.868279
2024-12-23,96,1,5.865555,5.862667,5.867593
2024-12-24,82,0,5.865262,5.860910,5.869146
2024-12-25,7,0,5.862565,5.862143,5.866640
2024-12-26,96,1,5.865971,5.862565,5.867859
2024-12-27,96,1,5.863877,5.857868,5.869560
2024-12-28,96,1,5.865790,5.862066,5.869243
2024-12-29,96,1,5.863531,5.857970,5.872448
2024-12-30,96,1,5.864180,5.857257,5.871500
2024-12-31,96,1,5.865478,5.860921,5.869463
2025-01-01,96,1,5.864907,5.859897,5.871451
2025-01-02,96,1,5.864574,5.862355,5.866667
2025-01-03,96,1,5.864476,5.861724,5.868012
2025-01-04,96,1,5.865826,5.862941,5.867928
2025-01-05,96,1,5.865558,5.859154,5.871368
2025-01-06,96,1,5.865363,5.860213,5.870589
2025-01-07,96,1,5.865696,5.862450,5.868318
2025-01-08,96,1,5.864523,5.861616,5.868471
2025-01-09,96,1,5.865869,5.861065,5.869431
2025-01-10,96,1,5.865073,5.862611,5.867566
2025-01-11,96,1,5.865268,5.862453,5.868624
2025-01-12,85,0,5.865875,5.860285,5.870667
2025-01-13,44,0,5.866111,5.863565,5.869529
2025-01-14,96,1,5.880017,5.870745,5.884871
2025-01-15,96,1,5.859266,5.854150,5.861364
2025-01-16,96,1,5.868233,5.866077,5.870288
2025-01-17,96,1,5.870387,5.856356,5.874243
2025-01-18,96,1,5.862622,5.858567,5.864604
2025-01-19,96,1,5.879079,5.871871,5.887718
2025-01-20,96,1,5.851345,5.820371,5.860764
2025-01-21,96,1,5.865583,5.861040,5.869260
2025-01-22,96,1,5.876899,5.871428,5.881971
2025-01-23,96,1,5.855528,5.850278,5.861519
2025-01-24,96,1,5.869955,5.865633,5.874226
2025-01-25,96,1,5.865809,5.853884,5.878130
2025-01-26,96,1,5.856038,5.846295,5.862408
2025-01-27,96,1,5.879488,5.873404,5.884128
2025-01-28,96,1,5.851280,5.845718,5.857705
2025-01-29,96,1,5.865417,5.859542,5.869114
2025-01-30,96,1,5.878198,5.871113,5.883159
2025-01-31,96,1,5.840512,5.825938,5.857172
2025-02-01,96,1,5.872886,5.865568,5.878175
2025-02-02,96,1,5.800347,5.776720,5.949308
2025-02-03,96,1,5.851305,5.820278,5.863533
2025-02-04,96,1,5.856486,5.852175,5.861335
2025-02-05,96,1,5.847171,5.843125,5.851681
2025-02-06,96,1,5.880924,5.874400,5.887245
2025-02-07,96,1,5.876595,5.872725,5.883070
2025-02-08,96,1,5.867610,5.863628,5.870805
2025-02-09,96,1,5.854688,5.848644,5.859957
2025-02-10,96,1,5.845476,5.839761,5.850031
2025-02-11,96,1,5.879019,5.873878,5.882628
2025-02-12,96,1,5.873277,5.869505,5.876311
2025-02-13,96,1,5.864539,5.861252,5.867806
2025-02-14,96,1,5.860308,5.857798,5.863616
2025-02-15,96,1,5.852228,5.848982,5.856109
2025-02-16,96,1,5.887819,5.884639,5.892646
2025-02-17,96,1,5.871428,5.867349,5.876401
2025-02-18,96,1,5.865484,5.862553,5.867579
2025-02-19,96,1,5.859083,5.856848,5.861131
2025-02-20,96,1,5.852310,5.848659,5.855877
2025-02-21,96,1,5.876515,5.871778,5.880203
2025-02-22,96,1,5.870468,5.867244,5.874267
2025-02-23,96,1,5.861216,5.855784,5.866590
2025-02-24,96,1,5.857027,5.852434,5.859984
2025-02-25,96,1,5.857665,5.854058,5.872274
2025-02-26,96,1,5.872026,5.869994,5.874296
2025-02-27,96,1,5.869207,5.865833,5.871139
2025-02-28,96,1,5.863420,5.861601,5.866340
2025-03-01,96,1,5.858633,5.855689,5.860384
2025-03-02,96,1,5.857192,5.852527,5.880096
2025-03-03,96,1,5.875292,5.871392,5.878822
2025-03-04,96,1,5.867948,5.865165,5.872613
2025-03-05,96,1,5.861514,5.859175,5.864672
2025-03-06,96,1,5.859129,5.856248,5.860607
2025-03-07,96,1,5.872715,5.856677,5.876825
2025-03-08,96,1,5.872534,5.869887,5.874423
2025-03-09,96,1,5.868161,5.864961,5.872779
2025-03-10,96,1,5.860748,5.858922,5.864194
2025-03-11,96,1,5.854619,5.852147,5.857547
2025-03-12,96,1,5.873583,5.855803,5.877233
2025-03-13,96,1,5.871988,5.869605,5.874755
2025-03-14,96,1,5.871839,5.866477,5.877606
2025-03-15,96,1,5.866811,5.854387,5.876396
2025-03-16,96,1,5.869158,5.849901,5.881525
2025-03-17,96,1,5.865527,5.855947,5.873747
2025-03-18,96,1,5.864707,5.856120,5.873016
2025-03-19,96,1,5.861210,5.857492,5.870808
2025-03-20,96,1,5.863395,5.857708,5.870746
2025-03-21,96,1,5.864160,5.860179,5.870055
2025-03-22,96,1,5.865213,5.861120,5.869302
2025-03-23,96,1,5.863984,5.858383,5.871338
2025-03-24,96,1,5.864447,5.859611,5.874924
2025-03-25,96,1,5.865236,5.860359,5.869667
2025-03-26,96,1,5.866246,5.861370,5.870313
2025-03-27,96,1,5.866325,5.861034,5.868769
2025-03-28,96,1,5.866509,5.860531,5.869646
2025-03-29,96,1,5.865418,5.859968,5.870336
2025-03-30,96,1,5.864859,5.858518,5.870611
2025-03-31,96,1,5.864356,5.857695,5.871826
2025-04-01,96,1,5.861422,5.855059,5.871374
2025-04-02,96,1,5.864370,5.858647,5.871126
2025-04-03,96,1,5.866006,5.859604,5.872805
2025-04-04,96,1,5.864031,5.861409,5.869640
2025-04-05,96,1,5.864185,5.860434,5.869948
2025-04-06,96,1,5.866475,5.857013,5.872321
2025-04-07,96,1,5.865342,5.859611,5.876547
2025-04-08,96,1,5.866003,5.860949,5.869946
2025-04-09,96,1,5.863545,5.861348,5.867360
2025-04-10,96,1,5.862314,5.860229,5.867800
2025-04-11,96,1,5.866884,5.865112,5.868843
2025-04-12,96,1,5.859842,5.856841,5.869310
2025-04-13,96,1,5.868242,5.864754,5.872060
2025-04-14,96,1,5.858779,5.855517,5.867907
2025-04-15,96,1,5.867260,5.863714,5.869350
2025-04-16,96,1,5.861523,5.858586,5.868475
2025-04-17,96,1,5.867024,5.864431,5.870503
2025-04-18,96,1,5.860933,5.856607,5.869852
2025-04-19,96,1,5.866950,5.865566,5.870310
2025-04-20,96,1,5.854620,5.854043,5.873044
2025-04-21,96,1,5.867889,5.862328,5.871519
2025-04-22,96,1,5.861701,5.858668,5.872190
2025-04-23,96,1,5.865999,5.864317,5.869262
2025-04-24,96,1,5.862532,5.858969,5.869942
2025-04-25,96,1,5.866659,5.864829,5.868684
2025-04-26,96,1,5.861232,5.858574,5.870549
2025-04-27,96,1,5.868214,5.864117,5.871228
2025-04-28,96,1,5.859467,5.854196,5.871875
2025-04-29,96,1,5.866528,5.864029,5.869123
2025-04-30,96,1,5.860930,5.858126,5.872600
2025-05-01,95,0,5.867921,5.863834,5.872173
2025-05-02,96,1,5.859733,5.857129,5.861246
2025-05-03,96,1,5.872538,5.870521,5.875632
2025-05-04,96,1,5.862821,5.857365,5.866640
2025-05-05,96,1,5.853091,5.839832,5.870664
2025-05-06,96,1,5.869256,5.867047,5.871661
2025-05-07,96,1,5.862490,5.860343,5.863967
2025-05-08,96,1,5.868921,5.857719,5.873697
2025-05-09,96,1,5.867082,5.864724,5.869986
2025-05-10,96,1,5.858556,5.854970,5.861132
2025-05-11,96,1,5.877575,5.872566,5.883333
2025-05-12,96,1,5.865384,5.861738,5.869984
2025-05-13,96,1,5.859053,5.856049,5.861219
2025-05-14,96,1,5.870433,5.868802,5.873675
2025-05-15,96,1,5.863422,5.860689,5.865752
2025-05-16,96,1,5.859381,5.854350,5.875598
2025-05-17,96,1,5.869601,5.866840,5.874275
2025-05-18,96,1,5.859407,5.855098,5.862478
2025-05-19,96,1,5.869918,5.855026,5.875418
2025-05-20,96,1,5.866279,5.864414,5.868751
2025-05-21,96,1,5.860293,5.857961,5.862307
2025-05-22,96,1,5.873510,5.870507,5.874373
2025-05-23,96,1,5.863597,5.862490,5.865847
2025-05-24,96,1,5.857907,5.855379,5.873926
2025-05-25,96,1,5.870495,5.867706,5.872581
2025-05-26,96,1,5.860017,5.857103,5.863422
2025-05-27,96,1,5.870356,5.853145,5.873871
2025-05-28,96,1,5.866432,5.865045,5.868955
2025-05-29,96,1,5.859462,5.857538,5.861650
2025-05-30,96,1,5.871612,5.868989,5.874727
2025-05-31,96,1,5.865526,5.862433,5.868344
2025-06-01,96,1,5.848050,5.841635,5.856635
2025-06-02,96,1,5.873585,5.867109,5.885947
2025-06-03,96,1,5.862208,5.858770,5.864524
2025-06-04,96,1,5.855752,5.845594,5.874434
2025-06-05,96,1,5.867733,5.865557,5.869443
2025-06-06,96,1,5.858667,5.854840,5.862478
2025-06-07,96,1,5.875591,5.865969,5.880354
2025-06-08,96,1,5.867035,5.861799,5.873488
2025-06-09,96,1,5.854302,5.851801,5.857178
2025-06-10,96,1,5.871265,5.869217,5.874183
2025-06-11,96,1,5.864472,5.862251,5.865687
2025-06-12,96,1,5.859196,5.855323,5.871998
2025-06-13,96,1,5.870956,5.867843,5.872915
2025-06-14,96,1,5.860673,5.857803,5.863657
2025-06-15,96,1,5.873457,5.855235,5.876420
2025-06-16,96,1,5.868183,5.865509,5.870303
2025-06-17,96,1,5.865827,5.863419,5.867419
2025-06-18,96,1,5.864759,5.862870,5.866707
2025-06-19,96,1,5.865262,5.862795,5.866974
2025-06-20,96,1,5.864868,5.862923,5.866688
2025-06-21,96,1,5.863123,5.860901,5.866465
2025-06-22,96,1,5.866388,5.860822,5.868371
2025-06-23,96,1,5.865158,5.863003,5.869142
2025-06-24,96,1,5.865923,5.862972,5.867650
2025-06-25,96,1,5.863404,5.862183,5.867362
2025-06-26,96,1,5.864750,5.863154,5.867013
2025-06-27,96,1,5.865024,5.863361,5.866237
2025-06-28,96,1,5.865911,5.862887,5.867977
2025-06-29,96,1,5.863761,5.860440,5.868282
2025-06-30,96,1,5.867260,5.862678,5.868523
2025-07-01,96,1,5.867425,5.864020,5.867998
2025-07-02,96,1,5.865769,5.862719,5.867084
2025-07-03,96,1,5.866192,5.863903,5.867688
2025-07-04,96,1,5.865890,5.862835,5.868375
2025-07-05,96,1,5.865204,5.862279,5.867589
2025-07-06,96,1,5.863978,5.860225,5.869735
2025-07-07,95,0,5.864003,5.859581,5.869931
2025-07-08,96,1,5.865035,5.862666,5.867640
2025-07-09,96,1,5.865877,5.862778,5.867648
2025-07-10,96,1,5.865680,5.862343,5.868409
2025-07-11,96,1,5.865403,5.862747,5.867523
2025-07-12,96,1,5.865195,5.862943,5.867350
2025-07-13,96,1,5.866023,5.862760,5.870044
2025-07-14,96,1,5.866393,5.859168,5.870944
2025-07-15,96,1,5.864378,5.859056,5.869670
2025-07-16,96,1,5.863468,5.857358,5.870276
2025-07-17,96,1,5.864675,5.859530,5.870433
2025-07-18,96,1,5.864725,5.860809,5.868917
2025-07-19,96,1,5.864571,5.862189,5.866400
2025-07-20,96,1,5.864932,5.862454,5.867174
2025-07-21,96,1,5.864499,5.862770,5.868350
2025-07-22,96,1,5.864682,5.862871,5.866959
2025-07-23,96,1,5.865514,5.863675,5.867009
2025-07-24,96,1,5.865279,5.863190,5.867133
2025-07-25,96,1,5.865173,5.862558,5.866937
2025-07-26,96,1,5.864059,5.861810,5.867159
2025-07-27,96,1,5.863978,5.861476,5.866955
2025-07-28,96,1,5.864270,5.861783,5.867393
2025-07-29,96,1,5.864624,5.862817,5.866798
2025-07-30,96,1,5.865198,5.863049,5.867261
2025-07-31,96,1,5.865661,5.862834,5.866924
2025-08-01,96,1,5.865496,5.863513,5.867481
2025-08-02,96,1,5.866437,5.862764,5.868454
2025-08-03,96,1,5.864484,5.862419,5.867886
2025-08-04,96,1,5.864708,5.862663,5.868632
2025-08-05,96,1,5.864547,5.862018,5.866931
2025-08-06,96,1,5.865474,5.863288,5.867406
2025-08-07,96,1,5.865445,5.863395,5.867078
2025-08-08,96,1,5.865167,5.863388,5.867402
2025-08-09,96,1,5.866634,5.862878,5.868805
2025-08-10,96,1,5.864721,5.861689,5.868406
2025-08-11,96,1,5.865045,5.862362,5.869252
2025-08-12,96,1,5.866058,5.862908,5.867411
2025-08-13,96,1,5.865057,5.862506,5.868109
2025-08-14,96,1,5.865522,5.863509,5.867958
2025-08-15,96,1,5.865762,5.862354,5.868676
2025-08-16,96,1,5.864432,5.862079,5.867423
2025-08-17,96,1,5.864467,5.859877,5.867062
2025-08-18,96,1,5.866537,5.863020,5.869193
2025-08-19,96,1,5.864229,5.862497,5.868596
2025-08-20,96,1,5.865881,5.862973,5.867744
2025-08-21,96,1,5.864226,5.863320,5.867830
2025-08-22,96,1,5.866838,5.861449,5.869459
2025-08-23,96,1,5.866592,5.861872,5.870440
2025-08-24,96,1,5.865271,5.861889,5.869328
2025-08-25,96,1,5.866953,5.861981,5.869937
2025-08-26,96,1,5.864779,5.859407,5.869667
2025-08-27,96,1,5.866300,5.861097,5.872564
2025-08-28,94,0,5.865084,5.859540,5.871575
2025-08-29,96,1,5.864281,5.857802,5.872769
2025-08-30,96,1,5.867992,5.862060,5.871463
2025-08-31,96,1,5.864066,5.860516,5.871207
2025-09-01,96,1,5.867119,5.858564,5.870121
2025-09-02,96,1,5.865132,5.860917,5.869416
2025-09-03,96,1,5.866212,5.863292,5.868243
2025-09-04,96,1,5.865227,5.862166,5.868409
2025-09-05,96,1,5.864976,5.861125,5.868656
2025-09-06,96,1,5.864317,5.855962,5.873943
2025-09-07,96,1,5.864397,5.857320,5.871140
2025-09-08,96,1,5.866455,5.863147,5.868902
2025-09-09,96,1,5.866552,5.862129,5.870436
2025-09-10,96,1,5.866532,5.862561,5.869068
2025-09-11,96,1,5.865803,5.863889,5.868068
2025-09-12,96,1,5.865767,5.862709,5.868350
2025-09-13,96,1,5.865230,5.862194,5.868037
2025-09-14,96,1,5.866292,5.862478,5.867980
2025-09-15,96,1,5.865400,5.863589,5.867727
2025-09-16,96,1,5.865142,5.862827,5.867460
2025-09-17,96,1,5.865023,5.863502,5.867084
2025-09-18,96,1,5.864715,5.862224,5.866869
2025-09-19,96,1,5.865556,5.863957,5.868226
2025-09-20,96,1,5.864183,5.863021,5.866926
2025-09-21,96,1,5.863732,5.863217,5.864174
2025-09-22,96,1,5.864109,5.862883,5.865998
2025-09-23,96,1,5.864502,5.862695,5.867494
2025-09-24,96,1,5.865786,5.863496,5.867800
2025-09-25,96,1,5.865389,5.863103,5.866600
2025-09-26,96,1,5.865980,5.863724,5.867732
2025-09-27,96,1,5.865736,5.863697,5.867315
2025-09-28,96,1,5.866001,5.859667,5.870152
2025-09-29,96,1,5.864603,5.860945,5.869478
2025-09-30,96,1,5.866136,5.863758,5.868769
2025-10-01,96,1,5.864724,5.862543,5.867012
2025-10-02,96,1,5.865787,5.862956,5.868546
2025-10-03,96,1,5.864815,5.862669,5.866945
2025-10-04,96,1,5.864728,5.863243,5.867707
2025-10-05,96,1,5.865360,5.862234,5.868265
2025-10-06,96,1,5.865666,5.862983,5.867873
2025-10-07,96,1,5.863784,5.861449,5.867494
2025-10-08,96,1,5.865688,5.863066,5.867392
2025-10-09,96,1,5.866462,5.865182,5.867671
2025-10-10,96,1,5.865048,5.862789,5.867646
2025-10-11,96,1,5.863907,5.860891,5.868860
2025-10-12,96,1,5.867600,5.855384,5.874393
2025-10-13,96,1,5.864007,5.857778,5.869928
2025-10-14,96,1,5.865085,5.862528,5.869666
2025-10-15,96,1,5.864769,5.863084,5.869271
2025-10-16,96,1,5.863519,5.861693,5.866926
2025-10-17,96,1,5.865945,5.862952,5.869190
2025-10-18,96,1,5.864961,5.861456,5.868199
2025-10-19,96,1,5.863657,5.861249,5.867392
2025-10-20,96,1,5.864580,5.859007,5.873849
2025-10-21,96,1,5.865342,5.863260,5.868256
2025-10-22,96,1,5.865445,5.862719,5.867876
2025-10-23,96,1,5.865112,5.860845,5.868578
2025-10-24,96,1,5.863863,5.861814,5.866561
2025-10-25,96,1,5.864712,5.860433,5.869202
2025-10-26,96,1,5.864798,5.860777,5.871892
2025-10-27,96,1,5.864938,5.860020,5.869550
2025-10-28,96,1,5.864465,5.862253,5.870323
2025-10-29,96,1,5.865761,5.861725,5.868937
2025-10-30,96,1,5.866850,5.863522,5.868811
2025-10-31,96,1,5.864889,5.862871,5.867604
2025-11-01,96,1,5.865021,5.862383,5.869193
2025-11-02,96,1,5.862546,5.860101,5.868032
2025-11-03,96,1,5.865244,5.859950,5.869539
2025-11-04,96,1,5.864321,5.860340,5.868810
2025-11-05,96,1,5.864664,5.860662,5.867714
2025-11-06,96,1,5.866556,5.862903,5.872053
2025-11-07,96,1,5.865726,5.862694,5.868482
2025-11-08,96,1,5.865390,5.861969,5.867814
2025-11-09,96,1,5.865228,5.859032,5.870077
2025-11-10,96,1,5.866873,5.857164,5.874892
2025-11-11,96,1,5.865709,5.860409,5.869367
2025-11-12,96,1,5.864568,5.860882,5.868536
2025-11-13,96,1,5.863842,5.860803,5.867956
2025-11-14,96,1,5.867099,5.862071,5.868637
2025-11-15,96,1,5.864580,5.861344,5.867633
2025-11-16,87,0,5.865262,5.861611,5.871071
2025-11-17,79,0,5.867154,5.862846,5.872854
2025-11-18,84,0,5.863449,5.860952,5.869446
2025-11-19,46,0,5.864056,5.856572,5.867604
2025-11-30,39,0,5.863035,5.854976,5.874001
2025-12-01,96,1,5.863844,5.853555,5.878639
2025-12-02,96,1,5.858757,5.851751,5.872449
2025-12-03,96,1,5.866581,5.859041,5.873159
2025-12-04,96,1,5.864596,5.861611,5.869322
2025-12-05,95,0,5.864991,5.862610,5.867888
2025-12-06,96,1,5.902781,5.856993,5.921386
2025-12-07,96,1,5.853162,5.836336,5.865950
2025-12-08,96,1,5.877398,5.841857,5.889064
2025-12-09,96,1,5.763880,5.636862,5.865472
2025-12-10,96,1,5.887233,5.845457,5.895675
2025-12-11,96,1,5.857862,5.852437,5.867362
2025-12-12,96,1,5.865041,5.859565,5.869419
2025-12-13,96,1,5.856572,5.853604,5.861074
2025-12-14,96,1,5.855145,5.847662,5.862669
2025-12-15,96,1,5.840097,5.837110,5.856996
2025-12-16,96,1,5.856773,5.851386,5.862277
2025-12-17,96,1,5.853954,5.844492,5.859224
2025-12-18,96,1,5.846845,5.835436,5.852265
2025-12-19,96,1,5.852177,5.845062,5.857103
2025-12-20,96,1,5.846724,5.837291,5.851832
2025-12-21,96,1,5.851740,5.848895,5.856168
2025-12-22,96,1,5.839168,5.824334,5.844700
2025-12-23,96,1,5.847309,5.840870,5.852699
2025-12-24,96,1,5.828730,5.662652,5.848417
2025-12-25,96,1,5.611761,5.010648,5.623969
2025-12-26,96,1,4.989890,4.975203,5.774640
2025-12-27,96,1,5.845373,5.839132,5.849765
2025-12-28,96,1,5.901998,5.892231,5.930665
2025-12-29,96,1,5.974406,5.946869,5.975786
2025-12-30,96,1,5.887636,5.882033,5.905639
2025-12-31,96,1,5.879168,5.876318,5.883495
